/*
SQLyog ä¼ä¸šç‰ˆ - MySQL GUI v8.14 
MySQL - 5.0.22-community-nt : Database - cw-system-manage
*********************************************************************
*/

/*!40101 SET NAMES utf8 */;

/*!40101 SET SQL_MODE=''*/;

/*!40014 SET @OLD_UNIQUE_CHECKS=@@UNIQUE_CHECKS, UNIQUE_CHECKS=0 */;
/*!40014 SET @OLD_FOREIGN_KEY_CHECKS=@@FOREIGN_KEY_CHECKS, FOREIGN_KEY_CHECKS=0 */;
/*!40101 SET @OLD_SQL_MODE=@@SQL_MODE, SQL_MODE='NO_AUTO_VALUE_ON_ZERO' */;
/*!40111 SET @OLD_SQL_NOTES=@@SQL_NOTES, SQL_NOTES=0 */;
CREATE DATABASE /*!32312 IF NOT EXISTS*/`cw-system-manage` /*!40100 DEFAULT CHARACTER SET utf8 */;

USE `cw-system-manage`;

/*Table structure for table `sys_authority` */

DROP TABLE IF EXISTS `sys_authority`;

CREATE TABLE `sys_authority` (
  `id` bigint(20) NOT NULL auto_increment COMMENT 'æƒé™id',
  `name` varchar(255) default NULL COMMENT 'æƒé™åç§°',
  `comment` varchar(255) default NULL COMMENT 'å¤‡æ³¨',
  PRIMARY KEY  (`id`)
) ENGINE=InnoDB DEFAULT CHARSET=utf8 COMMENT='æƒé™å®šä¹‰è¡¨';

/*Data for the table `sys_authority` */

/*Table structure for table `sys_authority_element` */

DROP TABLE IF EXISTS `sys_authority_element`;

CREATE TABLE `sys_authority_element` (
  `id` bigint(20) NOT NULL auto_increment COMMENT 'è®°å½•æ ‡è¯†',
  `authorityId` bigint(20) default NULL COMMENT 'æƒé™id',
  `elementId` bigint(20) default NULL COMMENT 'é¡µé¢å…ƒç´ id',
  PRIMARY KEY  (`id`),
  KEY `authorityId_idx` (`authorityId`)
) ENGINE=InnoDB DEFAULT CHARSET=utf8;

/*Data for the table `sys_authority_element` */

/*Table structure for table `sys_authority_module` */

DROP TABLE IF EXISTS `sys_authority_module`;

CREATE TABLE `sys_authority_module` (
  `id` bigint(20) NOT NULL auto_increment COMMENT 'è®°å½•æ ‡è¯†',
  `authorityId` bigint(20) default NULL COMMENT 'æƒé™id',
  `moduleId` bigint(20) default NULL COMMENT 'æ¨¡å—id',
  PRIMARY KEY  (`id`),
  KEY `authorityId_idx` (`moduleId`,`authorityId`)
) ENGINE=InnoDB DEFAULT CHARSET=utf8;

/*Data for the table `sys_authority_module` */

/*Table structure for table `sys_authority_resource` */

DROP TABLE IF EXISTS `sys_authority_resource`;

CREATE TABLE `sys_authority_resource` (
  `id` bigint(20) NOT NULL auto_increment COMMENT 'æƒé™id',
  `authorityId` bigint(20) default NULL COMMENT 'æƒé™id',
  `resourceId` bigint(20) default NULL COMMENT 'èµ„æºidï¼ˆèµ„æºè¡¨çš„è®°å½•idï¼Œå¦‚moduleIdã€elementIdç­‰ï¼‰',
  `type` bigint(20) default NULL COMMENT 'èµ„æºç±»å‹ï¼ˆä¸èµ„æºè¡¨å¯¹åº”ï¼Œå®šä¹‰å­˜äºå­—å…¸è¡¨ä¸­ï¼ˆgroupName=sys_resource_typeï¼‰ï¼‰',
  `comment` longtext COMMENT 'å¤‡æ³¨',
  PRIMARY KEY  (`id`),
  KEY `FK_sys_authority_resource_authorityId` (`authorityId`),
  KEY `FK_sys_authority_resource_moduleId` (`resourceId`),
  CONSTRAINT `FK_sys_authority_resource_authorityId` FOREIGN KEY (`authorityId`) REFERENCES `sys_authority` (`id`),
  CONSTRAINT `FK_sys_authority_resource_moduleId` FOREIGN KEY (`resourceId`) REFERENCES `sys_module` (`id`)
) ENGINE=InnoDB DEFAULT CHARSET=utf8 COMMENT='æƒé™ä¸å„ä¸ªèµ„æºè¡¨ï¼ˆå¦‚moduleã€elementç­‰ï¼‰ç›´æ¥çš';

/*Data for the table `sys_authority_resource` */

/*Table structure for table `sys_city` */

DROP TABLE IF EXISTS `sys_city`;

CREATE TABLE `sys_city` (
  `id` int(11) NOT NULL COMMENT 'å­˜å‚¨åŸæ•°æ®å¹³å°çš„åŸå¸‚IDï¼ˆæ ¼å¼ï¼š101010100ï¼‰',
  `name` varchar(20) default NULL,
  `spelling` varchar(20) default NULL COMMENT 'åŸå¸‚åç§°çš„å…¨æ‹¼',
  `orderNo` int(20) default NULL COMMENT 'å­˜å‚¨ç”¨äºæ’åºçš„æ•°å­—ï¼Œå€¼è¶Šå¤§è¶Šå¾€åæ’',
  `zipCode` varchar(20) default NULL,
  `provinceId` int(11) default NULL,
  `level` smallint(2) default NULL COMMENT 'åŸå¸‚ç­‰çº§'
) ENGINE=InnoDB DEFAULT CHARSET=utf8;

/*Data for the table `sys_city` */

insert  into `sys_city`(`id`,`name`,`spelling`,`orderNo`,`zipCode`,`provinceId`,`level`) values (101010100,'åŒ—äº¬å¸‚','beijing',1,'12352',10101,1),(101010200,'æµ·æ·€','beijing',0,'12352',10101,1),(101010300,'æœé˜³','beijing',0,'12352',10101,1),(101010400,'é¡ºä¹‰','beijing',0,'12352',10101,1),(101010500,'æ€€æŸ”','beijing',0,'12352',10101,1),(101010600,'é€šå·','beijing',0,'12352',10101,1),(101010700,'æ˜Œå¹³','beijing',0,'12352',10101,1),(101010800,'å»¶åº†','beijing',0,'12352',10101,1),(101010900,'ä¸°å°','beijing',0,'12352',10101,1),(101011000,'çŸ³æ™¯å±±','beijing',0,'12352',10101,1),(101011100,'å¤§å…´','beijing',0,'12352',10101,1),(101011200,'æˆ¿å±±','beijing',0,'12352',10101,1),(101011300,'å¯†äº‘','beijing',0,'12352',10101,1),(101011400,'é—¨å¤´æ²Ÿ','beijing',0,'12352',10101,1),(101011500,'å¹³è°·','beijing',0,'12352',10101,1),(101020100,'ä¸Šæµ·','beijing',0,'12352',10102,1),(101020200,'é—µè¡Œ','beijing',0,'12352',10102,1),(101020300,'å®å±±','beijing',0,'12352',10102,1),(101020500,'å˜‰å®š','beijing',0,'12352',10102,1),(101020600,'å—æ±‡','beijing',0,'12352',10102,1),(101020700,'é‡‘å±±','beijing',0,'12352',10102,1),(101020800,'é’æµ¦','beijing',0,'12352',10102,1),(101020900,'æ¾æ±Ÿ','beijing',0,'12352',10102,1),(101021000,'å¥‰è´¤','beijing',0,'12352',10102,1),(101021100,'å´‡æ˜','beijing',0,'12352',10102,1),(101021200,'å¾å®¶æ±‡','beijing',0,'12352',10102,1),(101021300,'æµ¦ä¸œ','beijing',0,'12352',10102,1),(101030100,'å¤©æ´¥','beijing',0,'12352',10103,1),(101030200,'æ­¦æ¸…','beijing',0,'12352',10103,1),(101030300,'å®å»','beijing',0,'12352',10103,1),(101030400,'ä¸œä¸½','beijing',0,'12352',10103,1),(101030500,'è¥¿é’','beijing',0,'12352',10103,1),(101030600,'åŒ—è¾°','beijing',0,'12352',10103,1),(101030700,'å®æ²³','beijing',0,'12352',10103,1),(101030800,'æ±‰æ²½','beijing',0,'12352',10103,1),(101030900,'é™æµ·','beijing',0,'12352',10103,1),(101031000,'æ´¥å—','beijing',0,'12352',10103,1),(101031100,'å¡˜æ²½','beijing',0,'12352',10103,1),(101031200,'å¤§æ¸¯','beijing',0,'12352',10103,1),(101031400,'è“Ÿå¿','beijing',0,'12352',10103,1),(101040100,'é‡åº†','beijing',0,'12352',10104,1),(101040200,'æ°¸å·','beijing',0,'12352',10104,1),(101040300,'åˆå·','beijing',0,'12352',10104,1),(101040400,'å—å·','beijing',0,'12352',10104,1),(101040500,'æ±Ÿæ´¥','beijing',0,'12352',10104,1),(101040600,'ä¸‡ç››','beijing',0,'12352',10104,1),(101040700,'æ¸åŒ—','beijing',0,'12352',10104,1),(101040800,'åŒ—ç¢š','beijing',0,'12352',10104,1),(101040900,'å·´å—','beijing',0,'12352',10104,1),(101041000,'é•¿å¯¿','beijing',0,'12352',10104,1),(101041100,'é»”æ±Ÿ','beijing',0,'12352',10104,1),(101041300,'ä¸‡å·','beijing',0,'12352',10104,1),(101041400,'æ¶ªé™µ','beijing',0,'12352',10104,1),(101041500,'å¼€å¿','beijing',0,'12352',10104,1),(101041600,'åŸå£','beijing',0,'12352',10104,1),(101041700,'äº‘é˜³','beijing',0,'12352',10104,1),(101041800,'å·«æºª','beijing',0,'12352',10104,1),(101041900,'å¥‰èŠ‚','beijing',0,'12352',10104,1),(101042000,'å·«å±±','beijing',0,'12352',10104,1),(101042100,'æ½¼å—','beijing',0,'12352',10104,1),(101042200,'å«æ±Ÿ','beijing',0,'12352',10104,1),(101042300,'æ¢å¹³','beijing',0,'12352',10104,1),(101042400,'å¿ å¿','beijing',0,'12352',10104,1),(101042500,'çŸ³æŸ±','beijing',0,'12352',10104,1),(101042600,'å¤§è¶³','beijing',0,'12352',10104,1),(101042700,'è£æ˜Œ','beijing',0,'12352',10104,1),(101042800,'é“œæ¢','beijing',0,'12352',10104,1),(101042900,'ç’§å±±','beijing',0,'12352',10104,1),(101043000,'ä¸°éƒ½','beijing',0,'12352',10104,1),(101043100,'æ­¦éš†','beijing',0,'12352',10104,1),(101043200,'å½­æ°´','beijing',0,'12352',10104,1),(101043300,'ç¶¦æ±Ÿ','beijing',0,'12352',10104,1),(101043400,'é…‰é˜³','beijing',0,'12352',10104,1),(101043600,'ç§€å±±','beijing',0,'12352',10104,1),(101050101,'å“ˆå°”æ»¨','beijing',0,'12352',10105,1),(101050102,'åŒåŸ','beijing',0,'12352',10105,1),(101050103,'å‘¼å…°','beijing',0,'12352',10105,1),(101050104,'é˜¿åŸ','beijing',0,'12352',10105,1),(101050105,'å®¾å¿','beijing',0,'12352',10105,1),(101050106,'ä¾å…°','beijing',0,'12352',10105,1),(101050107,'å·´å½¦','beijing',0,'12352',10105,1),(101050108,'é€šæ²³','beijing',0,'12352',10105,1),(101050109,'æ–¹æ­£','beijing',0,'12352',10105,1),(101050110,'å»¶å¯¿','beijing',0,'12352',10105,1),(101050111,'å°šå¿—','beijing',0,'12352',10105,1),(101050112,'äº”å¸¸','beijing',0,'12352',10105,1),(101050113,'æœ¨å…°','beijing',0,'12352',10105,1),(101050201,'é½é½å“ˆå°”','beijing',0,'12352',10105,1),(101050202,'è®·æ²³','beijing',0,'12352',10105,1),(101050203,'é¾™æ±Ÿ','beijing',0,'12352',10105,1),(101050204,'ç”˜å—','beijing',0,'12352',10105,1),(101050205,'å¯Œè£•','beijing',0,'12352',10105,1),(101050206,'ä¾å®‰','beijing',0,'12352',10105,1),(101050207,'æ‹œæ³‰','beijing',0,'12352',10105,1),(101050208,'å…‹å±±','beijing',0,'12352',10105,1),(101050209,'å…‹ä¸œ','beijing',0,'12352',10105,1),(101050210,'æ³°æ¥','beijing',0,'12352',10105,1),(101050301,'ç‰¡ä¸¹æ±Ÿ','beijing',0,'12352',10105,1),(101050302,'æµ·æ—','beijing',0,'12352',10105,1),(101050303,'ç©†æ£±','beijing',0,'12352',10105,1),(101050304,'æ—å£','beijing',0,'12352',10105,1),(101050305,'ç»¥èŠ¬æ²³','beijing',0,'12352',10105,1),(101050306,'å®å®‰','beijing',0,'12352',10105,1),(101050307,'ä¸œå®','beijing',0,'12352',10105,1),(101050401,'ä½³æœ¨æ–¯','beijing',0,'12352',10105,1),(101050402,'æ±¤åŸ','beijing',0,'12352',10105,1),(101050403,'æŠšè¿œ','beijing',0,'12352',10105,1),(101050404,'æ¡¦å·','beijing',0,'12352',10105,1),(101050405,'æ¡¦å—','beijing',0,'12352',10105,1),(101050406,'åŒæ±Ÿ','beijing',0,'12352',10105,1),(101050407,'å¯Œé”¦','beijing',0,'12352',10105,1),(101050501,'ç»¥åŒ–','beijing',0,'12352',10105,1),(101050502,'è‚‡ä¸œ','beijing',0,'12352',10105,1),(101050503,'å®‰è¾¾','beijing',0,'12352',10105,1),(101050504,'æµ·ä¼¦','beijing',0,'12352',10105,1),(101050505,'æ˜æ°´','beijing',0,'12352',10105,1),(101050506,'æœ›å¥','beijing',0,'12352',10105,1),(101050507,'å…°è¥¿','beijing',0,'12352',10105,1),(101050508,'é’å†ˆ','beijing',0,'12352',10105,1),(101050509,'åº†å®‰','beijing',0,'12352',10105,1),(101050510,'ç»¥æ£±','beijing',0,'12352',10105,1),(101050601,'é»‘æ²³','beijing',0,'12352',10105,1),(101050602,'å«©æ±Ÿ','beijing',0,'12352',10105,1),(101050603,'å­™å´','beijing',0,'12352',10105,1),(101050604,'é€Šå…‹','beijing',0,'12352',10105,1),(101050605,'äº”å¤§è¿æ± ','beijing',0,'12352',10105,1),(101050606,'åŒ—å®‰','beijing',0,'12352',10105,1),(101050701,'å¤§å…´å®‰å²­','beijing',0,'12352',10105,1),(101050702,'å¡”æ²³','beijing',0,'12352',10105,1),(101050703,'æ¼ æ²³','beijing',0,'12352',10105,1),(101050704,'å‘¼ç›','beijing',0,'12352',10105,1),(101050705,'å‘¼ä¸­','beijing',0,'12352',10105,1),(101050706,'æ–°æ—','beijing',0,'12352',10105,1),(101050708,'åŠ æ ¼è¾¾å¥‡','beijing',0,'12352',10105,1),(101050801,'ä¼Šæ˜¥','beijing',0,'12352',10105,1),(101050802,'ä¹Œä¼Šå²­','beijing',0,'12352',10105,1),(101050803,'äº”è¥','beijing',0,'12352',10105,1),(101050804,'é“åŠ›','beijing',0,'12352',10105,1),(101050805,'å˜‰è«','beijing',0,'12352',10105,1),(101050901,'å¤§åº†','beijing',0,'12352',10105,1),(101050902,'æ—ç”¸','beijing',0,'12352',10105,1),(101050903,'è‚‡å·','beijing',0,'12352',10105,1),(101050904,'è‚‡æº','beijing',0,'12352',10105,1),(101050905,'æœå°”ä¼¯ç‰¹','beijing',0,'12352',10105,1),(101051002,'ä¸ƒå°æ²³','beijing',0,'12352',10105,1),(101051003,'å‹ƒåˆ©','beijing',0,'12352',10105,1),(101051101,'é¸¡è¥¿','beijing',0,'12352',10105,1),(101051102,'è™æ—','beijing',0,'12352',10105,1),(101051103,'å¯†å±±','beijing',0,'12352',10105,1),(101051104,'é¸¡ä¸œ','beijing',0,'12352',10105,1),(101051201,'é¹¤å²—','beijing',0,'12352',10105,1),(101051202,'ç»¥æ»¨','beijing',0,'12352',10105,1),(101051203,'èåŒ—','beijing',0,'12352',10105,1),(101051301,'åŒé¸­å±±','beijing',0,'12352',10105,1),(101051302,'é›†è´¤','beijing',0,'12352',10105,1),(101051303,'å®æ¸…','beijing',0,'12352',10105,1),(101051304,'é¥¶æ²³','beijing',0,'12352',10105,1),(101051305,'å‹è°Š','beijing',0,'12352',10105,1),(101060101,'é•¿æ˜¥','beijing',0,'12352',10106,1),(101060102,'å†œå®‰','beijing',0,'12352',10106,1),(101060103,'å¾·æƒ ','beijing',0,'12352',10106,1),(101060104,'ä¹å°','beijing',0,'12352',10106,1),(101060105,'æ¦†æ ‘','beijing',0,'12352',10106,1),(101060106,'åŒé˜³','beijing',0,'12352',10106,1),(101060201,'å‰æ—','beijing',0,'12352',10106,1),(101060202,'èˆ’å…°','beijing',0,'12352',10106,1),(101060203,'æ°¸å‰','beijing',0,'12352',10106,1),(101060204,'è›Ÿæ²³','beijing',0,'12352',10106,1),(101060205,'ç£çŸ³','beijing',0,'12352',10106,1),(101060206,'æ¡¦ç”¸','beijing',0,'12352',10106,1),(101060301,'å»¶å‰','beijing',0,'12352',10106,1),(101060302,'æ•¦åŒ–','beijing',0,'12352',10106,1),(101060303,'å®‰å›¾','beijing',0,'12352',10106,1),(101060304,'æ±ªæ¸…','beijing',0,'12352',10106,1),(101060305,'å’Œé¾™','beijing',0,'12352',10106,1),(101060307,'é¾™äº•','beijing',0,'12352',10106,1),(101060308,'ç²æ˜¥','beijing',0,'12352',10106,1),(101060309,'å›¾ä»¬','beijing',0,'12352',10106,1),(101060401,'å››å¹³','beijing',0,'12352',10106,1),(101060402,'åŒè¾½','beijing',0,'12352',10106,1),(101060403,'æ¢¨æ ‘','beijing',0,'12352',10106,1),(101060404,'å…¬ä¸»å²­','beijing',0,'12352',10106,1),(101060405,'ä¼Šé€š','beijing',0,'12352',10106,1),(101060501,'é€šåŒ–','beijing',0,'12352',10106,1),(101060502,'æ¢…æ²³å£','beijing',0,'12352',10106,1),(101060503,'æŸ³æ²³','beijing',0,'12352',10106,1),(101060504,'è¾‰å—','beijing',0,'12352',10106,1),(101060505,'é›†å®‰','beijing',0,'12352',10106,1),(101060506,'é€šåŒ–å¿','beijing',0,'12352',10106,1),(101060601,'ç™½åŸ','beijing',0,'12352',10106,1),(101060602,'æ´®å—','beijing',0,'12352',10106,1),(101060603,'å¤§å®‰','beijing',0,'12352',10106,1),(101060604,'é•‡èµ‰','beijing',0,'12352',10106,1),(101060605,'é€šæ¦†','beijing',0,'12352',10106,1),(101060701,'è¾½æº','beijing',0,'12352',10106,1),(101060702,'ä¸œä¸°','beijing',0,'12352',10106,1),(101060703,'ä¸œè¾½','beijing',0,'12352',10106,1),(101060801,'æ¾åŸ','beijing',0,'12352',10106,1),(101060802,'ä¹¾å®‰','beijing',0,'12352',10106,1),(101060803,'å‰éƒ­','beijing',0,'12352',10106,1),(101060804,'é•¿å²­','beijing',0,'12352',10106,1),(101060805,'æ‰¶ä½™','beijing',0,'12352',10106,1),(101060901,'ç™½å±±','beijing',0,'12352',10106,1),(101060902,'é–å®‡','beijing',0,'12352',10106,1),(101060903,'ä¸´æ±Ÿ','beijing',0,'12352',10106,1),(101060904,'ä¸œå²—','beijing',0,'12352',10106,1),(101060905,'é•¿ç™½','beijing',0,'12352',10106,1),(101060906,'æŠšæ¾','beijing',0,'12352',10106,1),(101060907,'æ±Ÿæº','beijing',0,'12352',10106,1),(101070101,'æ²ˆé˜³','beijing',0,'12352',10107,1),(101070103,'è¾½ä¸­','beijing',0,'12352',10107,1),(101070104,'åº·å¹³','beijing',0,'12352',10107,1),(101070105,'æ³•åº“','beijing',0,'12352',10107,1),(101070106,'æ–°æ°‘','beijing',0,'12352',10107,1),(101070201,'å¤§è¿','beijing',0,'12352',10107,1),(101070202,'ç“¦æˆ¿åº—','beijing',0,'12352',10107,1),(101070203,'é‡‘å·','beijing',0,'12352',10107,1),(101070204,'æ™®å…°åº—','beijing',0,'12352',10107,1),(101070205,'æ—…é¡º','beijing',0,'12352',10107,1),(101070206,'é•¿æµ·','beijing',0,'12352',10107,1),(101070207,'åº„æ²³','beijing',0,'12352',10107,1),(101070301,'éå±±','beijing',0,'12352',10107,1),(101070302,'å°å®‰','beijing',0,'12352',10107,1),(101070303,'å²«å²©','beijing',0,'12352',10107,1),(101070304,'æµ·åŸ','beijing',0,'12352',10107,1),(101070401,'æŠšé¡º','beijing',0,'12352',10107,1),(101070402,'æ–°å®¾','beijing',0,'12352',10107,1),(101070403,'æ¸…åŸ','beijing',0,'12352',10107,1),(101070404,'ç« å…š','beijing',0,'12352',10107,1),(101070501,'æœ¬æºª','beijing',0,'12352',10107,1),(101070502,'æœ¬æºªå¿','beijing',0,'12352',10107,1),(101070504,'æ¡“ä»','beijing',0,'12352',10107,1),(101070601,'ä¸¹ä¸œ','beijing',0,'12352',10107,1),(101070602,'å‡¤åŸ','beijing',0,'12352',10107,1),(101070603,'å®½ç”¸','beijing',0,'12352',10107,1),(101070604,'ä¸œæ¸¯','beijing',0,'12352',10107,1),(101070701,'é”¦å·','beijing',0,'12352',10107,1),(101070702,'å‡Œæµ·','beijing',0,'12352',10107,1),(101070704,'ä¹‰å¿','beijing',0,'12352',10107,1),(101070705,'é»‘å±±','beijing',0,'12352',10107,1),(101070706,'åŒ—é•‡','beijing',0,'12352',10107,1),(101070801,'è¥å£','beijing',0,'12352',10107,1),(101070802,'å¤§çŸ³æ¡¥','beijing',0,'12352',10107,1),(101070803,'ç›–å·','beijing',0,'12352',10107,1),(101070901,'é˜œæ–°','beijing',0,'12352',10107,1),(101070902,'å½°æ­¦','beijing',0,'12352',10107,1),(101071001,'è¾½é˜³','beijing',0,'12352',10107,1),(101071002,'è¾½é˜³å¿','beijing',0,'12352',10107,1),(101071003,'ç¯å¡”','beijing',0,'12352',10107,1),(101071004,'å¼“é•¿å²­','beijing',0,'12352',10107,1),(101071101,'é“å²­','beijing',0,'12352',10107,1),(101071102,'å¼€åŸ','beijing',0,'12352',10107,1),(101071103,'æ˜Œå›¾','beijing',0,'12352',10107,1),(101071104,'è¥¿ä¸°','beijing',0,'12352',10107,1),(101071105,'é“æ³•','beijing',0,'12352',10107,1),(101071201,'æœé˜³','beijing',0,'12352',10107,1),(101071203,'å‡Œæº','beijing',0,'12352',10107,1),(101071204,'å–€å·¦','beijing',0,'12352',10107,1),(101071205,'åŒ—ç¥¨','beijing',0,'12352',10107,1),(101071207,'å»ºå¹³å¿','beijing',0,'12352',10107,1),(101071301,'ç›˜é”¦','beijing',0,'12352',10107,1),(101071302,'å¤§æ´¼','beijing',0,'12352',10107,1),(101071303,'ç›˜å±±','beijing',0,'12352',10107,1),(101071401,'è‘«èŠ¦å²›','beijing',0,'12352',10107,1),(101071402,'å»ºæ˜Œ','beijing',0,'12352',10107,1),(101071403,'ç»¥ä¸­','beijing',0,'12352',10107,1),(101071404,'å…´åŸ','beijing',0,'12352',10107,1),(101080101,'å‘¼å’Œæµ©ç‰¹','beijing',0,'12352',10108,1),(101080102,'åœŸå·¦æ——','beijing',0,'12352',10108,1),(101080103,'æ‰˜å¿','beijing',0,'12352',10108,1),(101080104,'å’Œæ—','beijing',0,'12352',10108,1),(101080105,'æ¸…æ°´æ²³','beijing',0,'12352',10108,1),(101080106,'å‘¼å¸‚éƒŠåŒº','beijing',0,'12352',10108,1),(101080107,'æ­¦å·','beijing',0,'12352',10108,1),(101080201,'åŒ…å¤´','beijing',0,'12352',10108,1),(101080202,'ç™½äº‘é„‚åš','beijing',0,'12352',10108,1),(101080203,'æ»¡éƒ½æ‹‰','beijing',0,'12352',10108,1),(101080204,'åœŸå³æ——','beijing',0,'12352',10108,1),(101080205,'å›ºé˜³','beijing',0,'12352',10108,1),(101080206,'è¾¾èŒ‚æ——','beijing',0,'12352',10108,1),(101080301,'ä¹Œæµ·','beijing',0,'12352',10108,1),(101080401,'é›†å®','beijing',0,'12352',10108,1),(101080402,'å“èµ„','beijing',0,'12352',10108,1),(101080403,'åŒ–å¾·','beijing',0,'12352',10108,1),(101080404,'å•†éƒ½','beijing',0,'12352',10108,1),(101080405,'å¸Œæ‹‰ç©†ä»','beijing',0,'12352',10108,1),(101080406,'å…´å’Œ','beijing',0,'12352',10108,1),(101080407,'å‡‰åŸ','beijing',0,'12352',10108,1),(101080408,'å¯Ÿå³å‰æ——','beijing',0,'12352',10108,1),(101080409,'å¯Ÿå³ä¸­æ——','beijing',0,'12352',10108,1),(101080410,'å¯Ÿå³åæ——','beijing',0,'12352',10108,1),(101080411,'å››å­ç‹æ——','beijing',0,'12352',10108,1),(101080412,'ä¸°é•‡','beijing',0,'12352',10108,1),(101080501,'é€šè¾½','beijing',0,'12352',10108,1),(101080502,'èˆä¼¯å','beijing',0,'12352',10108,1),(101080503,'ç§‘å·¦ä¸­æ——','beijing',0,'12352',10108,1),(101080504,'ç§‘å·¦åæ——','beijing',0,'12352',10108,1),(101080505,'é’é¾™å±±','beijing',0,'12352',10108,1),(101080506,'å¼€é²','beijing',0,'12352',10108,1),(101080507,'åº“ä¼¦','beijing',0,'12352',10108,1),(101080508,'å¥ˆæ›¼','beijing',0,'12352',10108,1),(101080509,'æ‰é²ç‰¹','beijing',0,'12352',10108,1),(101080510,'é«˜åŠ›æ¿','beijing',0,'12352',10108,1),(101080511,'å·´é›…å°”åèƒ¡ç¡•','beijing',0,'12352',10108,1),(101080601,'èµ¤å³°','beijing',0,'12352',10108,1),(101080603,'é˜¿é²æ——','beijing',0,'12352',10108,1),(101080604,'æµ©å°”å','beijing',0,'12352',10108,1),(101080605,'å·´æ—å·¦æ——','beijing',0,'12352',10108,1),(101080606,'å·´æ—å³æ——','beijing',0,'12352',10108,1),(101080607,'æ—è¥¿','beijing',0,'12352',10108,1),(101080608,'å…‹ä»€å…‹è…¾','beijing',0,'12352',10108,1),(101080609,'ç¿ç‰›ç‰¹','beijing',0,'12352',10108,1),(101080610,'å²—å­','beijing',0,'12352',10108,1),(101080611,'å–€å–‡æ²','beijing',0,'12352',10108,1),(101080612,'å…«é‡Œç½•','beijing',0,'12352',10108,1),(101080613,'å®åŸ','beijing',0,'12352',10108,1),(101080614,'æ•–æ±‰','beijing',0,'12352',10108,1),(101080615,'å®å›½å','beijing',0,'12352',10108,1),(101080701,'é„‚å°”å¤šæ–¯','beijing',0,'12352',10108,1),(101080703,'è¾¾æ‹‰ç‰¹','beijing',0,'12352',10108,1),(101080704,'å‡†æ ¼å°”','beijing',0,'12352',10108,1),(101080705,'é„‚å‰æ——','beijing',0,'12352',10108,1),(101080706,'æ²³å—','beijing',0,'12352',10108,1),(101080707,'ä¼Šå…‹ä¹Œç´ ','beijing',0,'12352',10108,1),(101080708,'é„‚æ‰˜å…‹','beijing',0,'12352',10108,1),(101080709,'æ­é”¦æ——','beijing',0,'12352',10108,1),(101080710,'ä¹Œå®¡æ——','beijing',0,'12352',10108,1),(101080711,'ä¼Šé‡‘éœæ´›','beijing',0,'12352',10108,1),(101080712,'ä¹Œå®¡å¬','beijing',0,'12352',10108,1),(101080713,'ä¸œèƒœ','beijing',0,'12352',10108,1),(101080801,'ä¸´æ²³','beijing',0,'12352',10108,1),(101080802,'äº”åŸ','beijing',0,'12352',10108,1),(101080803,'ç£´å£','beijing',0,'12352',10108,1),(101080804,'ä¹Œå‰æ——','beijing',0,'12352',10108,1),(101080805,'å¤§ä½˜å¤ª','beijing',0,'12352',10108,1),(101080806,'ä¹Œä¸­æ——','beijing',0,'12352',10108,1),(101080807,'ä¹Œåæ——','beijing',0,'12352',10108,1),(101080808,'æµ·åŠ›ç´ ','beijing',0,'12352',10108,1),(101080809,'é‚£ä»å®åŠ›æ ¼','beijing',0,'12352',10108,1),(101080810,'æ­é”¦åæ——','beijing',0,'12352',10108,1),(101080901,'é”¡æ—æµ©ç‰¹','beijing',0,'12352',10108,1),(101080903,'äºŒè¿æµ©ç‰¹','beijing',0,'12352',10108,1),(101080904,'é˜¿å·´å˜','beijing',0,'12352',10108,1),(101080906,'è‹å·¦æ——','beijing',0,'12352',10108,1),(101080907,'è‹å³æ——','beijing',0,'12352',10108,1),(101080908,'æœ±æ—¥å’Œ','beijing',0,'12352',10108,1),(101080909,'ä¸œä¹Œæ——','beijing',0,'12352',10108,1),(101080910,'è¥¿ä¹Œæ——','beijing',0,'12352',10108,1),(101080911,'å¤ªä»†å¯º','beijing',0,'12352',10108,1),(101080912,'é•¶é»„æ——','beijing',0,'12352',10108,1),(101080913,'æ­£é•¶ç™½æ——','beijing',0,'12352',10108,1),(101080914,'æ­£å…°æ——','beijing',0,'12352',10108,1),(101080915,'å¤šä¼¦','beijing',0,'12352',10108,1),(101080916,'åšå…‹å›¾','beijing',0,'12352',10108,1),(101080917,'ä¹Œæ‹‰ç›–','beijing',0,'12352',10108,1),(101081000,'å‘¼ä¼¦è´å°”','beijing',0,'12352',10108,1),(101081001,'æµ·æ‹‰å°”','beijing',0,'12352',10108,1),(101081002,'å°äºŒæ²Ÿ','beijing',0,'12352',10108,1),(101081003,'é˜¿è£æ——','beijing',0,'12352',10108,1),(101081004,'è«åŠ›è¾¾ç“¦','beijing',0,'12352',10108,1),(101081005,'é„‚ä¼¦æ˜¥æ——','beijing',0,'12352',10108,1),(101081006,'é„‚æ¸©å…‹æ——','beijing',0,'12352',10108,1),(101081007,'é™ˆæ——','beijing',0,'12352',10108,1),(101081008,'æ–°å·¦æ——','beijing',0,'12352',10108,1),(101081009,'æ–°å³æ——','beijing',0,'12352',10108,1),(101081010,'æ»¡æ´²é‡Œ','beijing',0,'12352',10108,1),(101081011,'ç‰™å…‹çŸ³','beijing',0,'12352',10108,1),(101081012,'æ‰å…°å±¯','beijing',0,'12352',10108,1),(101081014,'é¢å°”å¤çº³','beijing',0,'12352',10108,1),(101081015,'æ ¹æ²³','beijing',0,'12352',10108,1),(101081016,'å›¾é‡Œæ²³','beijing',0,'12352',10108,1),(101081101,'ä¹Œå…°æµ©ç‰¹','beijing',0,'12352',10108,1),(101081102,'é˜¿å°”å±±','beijing',0,'12352',10108,1),(101081103,'ç§‘å³ä¸­æ——','beijing',0,'12352',10108,1),(101081104,'èƒ¡å°”å‹’','beijing',0,'12352',10108,1),(101081105,'æ‰èµ‰ç‰¹','beijing',0,'12352',10108,1),(101081106,'ç´¢ä¼¦','beijing',0,'12352',10108,1),(101081107,'çªæ³‰','beijing',0,'12352',10108,1),(101081108,'éœæ—éƒ­å‹’','beijing',0,'12352',10108,1),(101081109,'ç§‘å³å‰æ——','beijing',0,'12352',10108,1),(101081201,'é˜¿å·¦æ——','beijing',0,'12352',10108,1),(101081202,'é˜¿å³æ——','beijing',0,'12352',10108,1),(101081203,'é¢æµçº³','beijing',0,'12352',10108,1),(101081204,'æ‹å­æ¹–','beijing',0,'12352',10108,1),(101081205,'å‰å…°å¤ª','beijing',0,'12352',10108,1),(101081206,'é”¡æ—é«˜å‹’','beijing',0,'12352',10108,1),(101081207,'å¤´é“æ¹–','beijing',0,'12352',10108,1),(101081208,'ä¸­æ³‰å­','beijing',0,'12352',10108,1),(101081209,'è¯ºå°”å…¬','beijing',0,'12352',10108,1),(101081210,'é›…å¸ƒèµ–','beijing',0,'12352',10108,1),(101081211,'ä¹Œæ–¯æ³°','beijing',0,'12352',10108,1),(101081212,'å­ªäº•æ»©','beijing',0,'12352',10108,1),(101090101,'çŸ³å®¶åº„','beijing',0,'12352',10109,1),(101090102,'äº•é™‰','beijing',0,'12352',10109,1),(101090103,'æ­£å®š','beijing',0,'12352',10109,1),(101090104,'æ ¾åŸ','beijing',0,'12352',10109,1),(101090105,'è¡Œå”','beijing',0,'12352',10109,1),(101090106,'çµå¯¿','beijing',0,'12352',10109,1),(101090107,'é«˜é‚‘','beijing',0,'12352',10109,1),(101090108,'æ·±æ³½','beijing',0,'12352',10109,1),(101090109,'èµçš‡','beijing',0,'12352',10109,1),(101090110,'æ— æ','beijing',0,'12352',10109,1),(101090111,'å¹³å±±','beijing',0,'12352',10109,1),(101090112,'å…ƒæ°','beijing',0,'12352',10109,1),(101090113,'èµµå¿','beijing',0,'12352',10109,1),(101090114,'è¾›é›†','beijing',0,'12352',10109,1),(101090115,'è—åŸ','beijing',0,'12352',10109,1),(101090116,'æ™‹å·','beijing',0,'12352',10109,1),(101090117,'æ–°ä¹','beijing',0,'12352',10109,1),(101090118,'é¹¿æ³‰','beijing',0,'12352',10109,1),(101090201,'ä¿å®š','beijing',0,'12352',10109,1),(101090202,'æ»¡åŸ','beijing',0,'12352',10109,1),(101090203,'é˜œå¹³','beijing',0,'12352',10109,1),(101090204,'å¾æ°´','beijing',0,'12352',10109,1),(101090205,'å”å¿','beijing',0,'12352',10109,1),(101090206,'é«˜é˜³','beijing',0,'12352',10109,1),(101090207,'å®¹åŸ','beijing',0,'12352',10109,1),(101090209,'æ¶æº','beijing',0,'12352',10109,1),(101090210,'æœ›éƒ½','beijing',0,'12352',10109,1),(101090211,'å®‰æ–°','beijing',0,'12352',10109,1),(101090212,'æ˜“å¿','beijing',0,'12352',10109,1),(101090214,'æ›²é˜³','beijing',0,'12352',10109,1),(101090215,'è ¡å¿','beijing',0,'12352',10109,1),(101090216,'é¡ºå¹³','beijing',0,'12352',10109,1),(101090217,'é›„å¿','beijing',0,'12352',10109,1),(101090218,'æ¶¿å·','beijing',0,'12352',10109,1),(101090219,'å®šå·','beijing',0,'12352',10109,1),(101090220,'å®‰å›½','beijing',0,'12352',10109,1),(101090221,'é«˜ç¢‘åº—','beijing',0,'12352',10109,1),(101090222,'æ¶æ°´','beijing',0,'12352',10109,1),(101090223,'å®šå…´','beijing',0,'12352',10109,1),(101090224,'æ¸…è‹‘','beijing',0,'12352',10109,1),(101090225,'åšé‡','beijing',0,'12352',10109,1),(101090301,'å¼ å®¶å£','beijing',0,'12352',10109,1),(101090302,'å®£åŒ–','beijing',0,'12352',10109,1),(101090303,'å¼ åŒ—','beijing',0,'12352',10109,1),(101090304,'åº·ä¿','beijing',0,'12352',10109,1),(101090305,'æ²½æº','beijing',0,'12352',10109,1),(101090306,'å°šä¹‰','beijing',0,'12352',10109,1),(101090307,'è”šå¿','beijing',0,'12352',10109,1),(101090308,'é˜³åŸ','beijing',0,'12352',10109,1),(101090309,'æ€€å®‰','beijing',0,'12352',10109,1),(101090310,'ä¸‡å…¨','beijing',0,'12352',10109,1),(101090311,'æ€€æ¥','beijing',0,'12352',10109,1),(101090312,'æ¶¿é¹¿','beijing',0,'12352',10109,1),(101090313,'èµ¤åŸ','beijing',0,'12352',10109,1),(101090314,'å´‡ç¤¼','beijing',0,'12352',10109,1),(101090402,'æ‰¿å¾·','beijing',0,'12352',10109,1),(101090403,'æ‰¿å¾·å¿','beijing',0,'12352',10109,1),(101090404,'å…´éš†','beijing',0,'12352',10109,1),(101090405,'å¹³æ³‰','beijing',0,'12352',10109,1),(101090406,'æ»¦å¹³','beijing',0,'12352',10109,1),(101090407,'éš†åŒ–','beijing',0,'12352',10109,1),(101090408,'ä¸°å®','beijing',0,'12352',10109,1),(101090409,'å®½åŸ','beijing',0,'12352',10109,1),(101090410,'å›´åœº','beijing',0,'12352',10109,1),(101090501,'å”å±±','beijing',0,'12352',10109,1),(101090502,'ä¸°å—','beijing',0,'12352',10109,1),(101090503,'ä¸°æ¶¦','beijing',0,'12352',10109,1),(101090504,'æ»¦å¿','beijing',0,'12352',10109,1),(101090505,'æ»¦å—','beijing',0,'12352',10109,1),(101090506,'ä¹äº­','beijing',0,'12352',10109,1),(101090507,'è¿è¥¿','beijing',0,'12352',10109,1),(101090508,'ç‰ç”°','beijing',0,'12352',10109,1),(101090509,'å”æµ·','beijing',0,'12352',10109,1),(101090510,'éµåŒ–','beijing',0,'12352',10109,1),(101090511,'è¿å®‰','beijing',0,'12352',10109,1),(101090512,'æ›¹å¦ƒç”¸','beijing',0,'12352',10109,1),(101090601,'å»ŠåŠ','beijing',0,'12352',10109,1),(101090602,'å›ºå®‰','beijing',0,'12352',10109,1),(101090603,'æ°¸æ¸…','beijing',0,'12352',10109,1),(101090604,'é¦™æ²³','beijing',0,'12352',10109,1),(101090605,'å¤§åŸ','beijing',0,'12352',10109,1),(101090606,'æ–‡å®‰','beijing',0,'12352',10109,1),(101090607,'å¤§å‚','beijing',0,'12352',10109,1),(101090608,'éœ¸å·','beijing',0,'12352',10109,1),(101090609,'ä¸‰æ²³','beijing',0,'12352',10109,1),(101090701,'æ²§å·','beijing',0,'12352',10109,1),(101090702,'é’å¿','beijing',0,'12352',10109,1),(101090703,'ä¸œå…‰','beijing',0,'12352',10109,1),(101090704,'æµ·å…´','beijing',0,'12352',10109,1),(101090705,'ç›å±±','beijing',0,'12352',10109,1),(101090706,'è‚ƒå®','beijing',0,'12352',10109,1),(101090707,'å—çš®','beijing',0,'12352',10109,1),(101090708,'å´æ¡¥','beijing',0,'12352',10109,1),(101090709,'çŒ®å¿','beijing',0,'12352',10109,1),(101090710,'å­Ÿæ‘','beijing',0,'12352',10109,1),(101090711,'æ³Šå¤´','beijing',0,'12352',10109,1),(101090712,'ä»»ä¸˜','beijing',0,'12352',10109,1),(101090713,'é»„éª…','beijing',0,'12352',10109,1),(101090714,'æ²³é—´','beijing',0,'12352',10109,1),(101090716,'æ²§å¿','beijing',0,'12352',10109,1),(101090801,'è¡¡æ°´','beijing',0,'12352',10109,1),(101090802,'æ£å¼º','beijing',0,'12352',10109,1),(101090803,'æ­¦é‚‘','beijing',0,'12352',10109,1),(101090804,'æ­¦å¼º','beijing',0,'12352',10109,1),(101090805,'é¥¶é˜³','beijing',0,'12352',10109,1),(101090806,'å®‰å¹³','beijing',0,'12352',10109,1),(101090807,'æ•…åŸ','beijing',0,'12352',10109,1),(101090808,'æ™¯å¿','beijing',0,'12352',10109,1),(101090809,'é˜œåŸ','beijing',0,'12352',10109,1),(101090810,'å†€å·','beijing',0,'12352',10109,1),(101090811,'æ·±å·','beijing',0,'12352',10109,1),(101090901,'é‚¢å°','beijing',0,'12352',10109,1),(101090902,'ä¸´åŸ','beijing',0,'12352',10109,1),(101090904,'å†…ä¸˜','beijing',0,'12352',10109,1),(101090905,'æŸä¹¡','beijing',0,'12352',10109,1),(101090906,'éš†å°§','beijing',0,'12352',10109,1),(101090907,'å—å’Œ','beijing',0,'12352',10109,1),(101090908,'å®æ™‹','beijing',0,'12352',10109,1),(101090909,'å·¨é¹¿','beijing',0,'12352',10109,1),(101090910,'æ–°æ²³','beijing',0,'12352',10109,1),(101090911,'å¹¿å®—','beijing',0,'12352',10109,1),(101090912,'å¹³ä¹¡','beijing',0,'12352',10109,1),(101090913,'å¨å¿','beijing',0,'12352',10109,1),(101090914,'æ¸…æ²³','beijing',0,'12352',10109,1),(101090915,'ä¸´è¥¿','beijing',0,'12352',10109,1),(101090916,'å—å®«','beijing',0,'12352',10109,1),(101090917,'æ²™æ²³','beijing',0,'12352',10109,1),(101090918,'ä»»å¿','beijing',0,'12352',10109,1),(101091001,'é‚¯éƒ¸','beijing',0,'12352',10109,1),(101091002,'å³°å³°','beijing',0,'12352',10109,1),(101091003,'ä¸´æ¼³','beijing',0,'12352',10109,1),(101091004,'æˆå®‰','beijing',0,'12352',10109,1),(101091005,'å¤§å','beijing',0,'12352',10109,1),(101091006,'æ¶‰å¿','beijing',0,'12352',10109,1),(101091007,'ç£å¿','beijing',0,'12352',10109,1),(101091008,'è‚¥ä¹¡','beijing',0,'12352',10109,1),(101091009,'æ°¸å¹´','beijing',0,'12352',10109,1),(101091010,'é‚±å¿','beijing',0,'12352',10109,1),(101091011,'é¸¡æ³½','beijing',0,'12352',10109,1),(101091012,'å¹¿å¹³','beijing',0,'12352',10109,1),(101091013,'é¦†é™¶','beijing',0,'12352',10109,1),(101091014,'é­å¿','beijing',0,'12352',10109,1),(101091015,'æ›²å‘¨','beijing',0,'12352',10109,1),(101091016,'æ­¦å®‰','beijing',0,'12352',10109,1),(101091101,'ç§¦çš‡å²›','beijing',0,'12352',10109,1),(101091102,'é’é¾™','beijing',0,'12352',10109,1),(101091103,'æ˜Œé»','beijing',0,'12352',10109,1),(101091104,'æŠšå®','beijing',0,'12352',10109,1),(101091105,'å¢é¾™','beijing',0,'12352',10109,1),(101091106,'åŒ—æˆ´æ²³','beijing',0,'12352',10109,1),(101100101,'å¤ªåŸ','beijing',0,'12352',10110,1),(101100102,'æ¸…å¾','beijing',0,'12352',10110,1),(101100103,'é˜³æ›²','beijing',0,'12352',10110,1),(101100104,'å¨„çƒ¦','beijing',0,'12352',10110,1),(101100105,'å¤äº¤','beijing',0,'12352',10110,1),(101100106,'å°–è‰åªåŒº','beijing',0,'12352',10110,1),(101100107,'å°åº—åŒº','beijing',0,'12352',10110,1),(101100201,'å¤§åŒ','beijing',0,'12352',10110,1),(101100202,'é˜³é«˜','beijing',0,'12352',10110,1),(101100203,'å¤§åŒå¿','beijing',0,'12352',10110,1),(101100204,'å¤©é•‡','beijing',0,'12352',10110,1),(101100205,'å¹¿çµ','beijing',0,'12352',10110,1),(101100206,'çµä¸˜','beijing',0,'12352',10110,1),(101100207,'æµ‘æº','beijing',0,'12352',10110,1),(101100208,'å·¦äº‘','beijing',0,'12352',10110,1),(101100301,'é˜³æ³‰','beijing',0,'12352',10110,1),(101100302,'ç›‚å¿','beijing',0,'12352',10110,1),(101100303,'å¹³å®š','beijing',0,'12352',10110,1),(101100401,'æ™‹ä¸­','beijing',0,'12352',10110,1),(101100402,'æ¦†æ¬¡','beijing',0,'12352',10110,1),(101100403,'æ¦†ç¤¾','beijing',0,'12352',10110,1),(101100404,'å·¦æƒ','beijing',0,'12352',10110,1),(101100405,'å’Œé¡º','beijing',0,'12352',10110,1),(101100406,'æ˜”é˜³','beijing',0,'12352',10110,1),(101100407,'å¯¿é˜³','beijing',0,'12352',10110,1),(101100408,'å¤ªè°·','beijing',0,'12352',10110,1),(101100409,'ç¥å¿','beijing',0,'12352',10110,1),(101100410,'å¹³é¥','beijing',0,'12352',10110,1),(101100411,'çµçŸ³','beijing',0,'12352',10110,1),(101100412,'ä»‹ä¼‘','beijing',0,'12352',10110,1),(101100501,'é•¿æ²»','beijing',0,'12352',10110,1),(101100502,'é»åŸ','beijing',0,'12352',10110,1),(101100503,'å±¯ç•™','beijing',0,'12352',10110,1),(101100504,'æ½åŸ','beijing',0,'12352',10110,1),(101100505,'è¥„å£','beijing',0,'12352',10110,1),(101100506,'å¹³é¡º','beijing',0,'12352',10110,1),(101100507,'æ­¦ä¹¡','beijing',0,'12352',10110,1),(101100508,'æ²å¿','beijing',0,'12352',10110,1),(101100509,'é•¿å­','beijing',0,'12352',10110,1),(101100510,'æ²æº','beijing',0,'12352',10110,1),(101100511,'å£¶å…³','beijing',0,'12352',10110,1),(101100601,'æ™‹åŸ','beijing',0,'12352',10110,1),(101100602,'æ²æ°´','beijing',0,'12352',10110,1),(101100603,'é˜³åŸ','beijing',0,'12352',10110,1),(101100604,'é™µå·','beijing',0,'12352',10110,1),(101100605,'é«˜å¹³','beijing',0,'12352',10110,1),(101100606,'æ³½å·','beijing',0,'12352',10110,1),(101100701,'ä¸´æ±¾','beijing',0,'12352',10110,1),(101100702,'æ›²æ²ƒ','beijing',0,'12352',10110,1),(101100703,'æ°¸å’Œ','beijing',0,'12352',10110,1),(101100704,'éš°å¿','beijing',0,'12352',10110,1),(101100705,'å¤§å®','beijing',0,'12352',10110,1),(101100706,'å‰å¿','beijing',0,'12352',10110,1),(101100707,'è¥„æ±¾','beijing',0,'12352',10110,1),(101100708,'è’²å¿','beijing',0,'12352',10110,1),(101100709,'æ±¾è¥¿','beijing',0,'12352',10110,1),(101100710,'æ´ªæ´','beijing',0,'12352',10110,1),(101100711,'éœå·','beijing',0,'12352',10110,1),(101100712,'ä¹¡å®','beijing',0,'12352',10110,1),(101100713,'ç¿¼åŸ','beijing',0,'12352',10110,1),(101100714,'ä¾¯é©¬','beijing',0,'12352',10110,1),(101100715,'æµ®å±±','beijing',0,'12352',10110,1),(101100716,'å®‰æ³½','beijing',0,'12352',10110,1),(101100717,'å¤å¿','beijing',0,'12352',10110,1),(101100801,'è¿åŸ','beijing',0,'12352',10110,1),(101100802,'ä¸´çŒ—','beijing',0,'12352',10110,1),(101100803,'ç¨·å±±','beijing',0,'12352',10110,1),(101100804,'ä¸‡è£','beijing',0,'12352',10110,1),(101100805,'æ²³æ´¥','beijing',0,'12352',10110,1),(101100806,'æ–°ç»›','beijing',0,'12352',10110,1),(101100807,'ç»›å¿','beijing',0,'12352',10110,1),(101100808,'é—»å–œ','beijing',0,'12352',10110,1),(101100809,'å£æ›²','beijing',0,'12352',10110,1),(101100810,'æ°¸æµ','beijing',0,'12352',10110,1),(101100811,'èŠ®åŸ','beijing',0,'12352',10110,1),(101100812,'å¤å¿','beijing',0,'12352',10110,1),(101100813,'å¹³é™†','beijing',0,'12352',10110,1),(101100901,'æœ”å·','beijing',0,'12352',10110,1),(101100902,'å¹³é²','beijing',0,'12352',10110,1),(101100903,'å±±é˜´','beijing',0,'12352',10110,1),(101100904,'å³ç‰','beijing',0,'12352',10110,1),(101100905,'åº”å¿','beijing',0,'12352',10110,1),(101100906,'æ€€ä»','beijing',0,'12352',10110,1),(101101001,'å¿»å·','beijing',0,'12352',10110,1),(101101002,'å®šè¥„','beijing',0,'12352',10110,1),(101101003,'äº”å°å¿','beijing',0,'12352',10110,1),(101101004,'æ²³æ›²','beijing',0,'12352',10110,1),(101101005,'åå…³','beijing',0,'12352',10110,1),(101101006,'ç¥æ± ','beijing',0,'12352',10110,1),(101101007,'å®æ­¦','beijing',0,'12352',10110,1),(101101008,'ä»£å¿','beijing',0,'12352',10110,1),(101101009,'ç¹å³™','beijing',0,'12352',10110,1),(101101010,'äº”å°å±±','beijing',0,'12352',10110,1),(101101011,'ä¿å¾·','beijing',0,'12352',10110,1),(101101012,'é™ä¹','beijing',0,'12352',10110,1),(101101013,'å²¢å²š','beijing',0,'12352',10110,1),(101101014,'äº”å¯¨','beijing',0,'12352',10110,1),(101101015,'åŸå¹³','beijing',0,'12352',10110,1),(101101100,'å•æ¢','beijing',0,'12352',10110,1),(101101101,'ç¦»çŸ³','beijing',0,'12352',10110,1),(101101102,'ä¸´å¿','beijing',0,'12352',10110,1),(101101103,'å…´å¿','beijing',0,'12352',10110,1),(101101104,'å²šå¿','beijing',0,'12352',10110,1),(101101105,'æŸ³æ—','beijing',0,'12352',10110,1),(101101106,'çŸ³æ¥¼','beijing',0,'12352',10110,1),(101101107,'æ–¹å±±','beijing',0,'12352',10110,1),(101101108,'äº¤å£','beijing',0,'12352',10110,1),(101101109,'ä¸­é˜³','beijing',0,'12352',10110,1),(101101110,'å­ä¹‰','beijing',0,'12352',10110,1),(101101111,'æ±¾é˜³','beijing',0,'12352',10110,1),(101101112,'æ–‡æ°´','beijing',0,'12352',10110,1),(101101113,'äº¤åŸ','beijing',0,'12352',10110,1),(101110101,'è¥¿å®‰','beijing',0,'12352',10111,1),(101110102,'é•¿å®‰','beijing',0,'12352',10111,1),(101110103,'ä¸´æ½¼','beijing',0,'12352',10111,1),(101110104,'è“ç”°','beijing',0,'12352',10111,1),(101110105,'å‘¨è‡³','beijing',0,'12352',10111,1),(101110106,'æˆ·å¿','beijing',0,'12352',10111,1),(101110107,'é«˜é™µ','beijing',0,'12352',10111,1),(101110200,'å’¸é˜³','beijing',0,'12352',10111,1),(101110201,'ä¸‰åŸ','beijing',0,'12352',10111,1),(101110202,'ç¤¼æ³‰','beijing',0,'12352',10111,1),(101110203,'æ°¸å¯¿','beijing',0,'12352',10111,1),(101110204,'æ·³åŒ–','beijing',0,'12352',10111,1),(101110205,'æ³¾é˜³','beijing',0,'12352',10111,1),(101110206,'æ­¦åŠŸ','beijing',0,'12352',10111,1),(101110207,'ä¹¾å¿','beijing',0,'12352',10111,1),(101110208,'å½¬å¿','beijing',0,'12352',10111,1),(101110209,'é•¿æ­¦','beijing',0,'12352',10111,1),(101110210,'æ—¬é‚‘','beijing',0,'12352',10111,1),(101110211,'å…´å¹³','beijing',0,'12352',10111,1),(101110300,'å»¶å®‰','beijing',0,'12352',10111,1),(101110301,'å»¶é•¿','beijing',0,'12352',10111,1),(101110302,'å»¶å·','beijing',0,'12352',10111,1),(101110303,'å­é•¿','beijing',0,'12352',10111,1),(101110304,'å®œå·','beijing',0,'12352',10111,1),(101110305,'å¯Œå¿','beijing',0,'12352',10111,1),(101110306,'å¿—ä¸¹','beijing',0,'12352',10111,1),(101110307,'å®‰å¡','beijing',0,'12352',10111,1),(101110308,'ç”˜æ³‰','beijing',0,'12352',10111,1),(101110309,'æ´›å·','beijing',0,'12352',10111,1),(101110310,'é»„é™µ','beijing',0,'12352',10111,1),(101110311,'é»„é¾™','beijing',0,'12352',10111,1),(101110312,'å´èµ·','beijing',0,'12352',10111,1),(101110401,'æ¦†æ—','beijing',0,'12352',10111,1),(101110402,'åºœè°·','beijing',0,'12352',10111,1),(101110403,'ç¥æœ¨','beijing',0,'12352',10111,1),(101110404,'ä½³å¿','beijing',0,'12352',10111,1),(101110405,'å®šè¾¹','beijing',0,'12352',10111,1),(101110406,'é–è¾¹','beijing',0,'12352',10111,1),(101110407,'æ¨ªå±±','beijing',0,'12352',10111,1),(101110408,'ç±³è„‚','beijing',0,'12352',10111,1),(101110409,'å­æ´²','beijing',0,'12352',10111,1),(101110410,'ç»¥å¾·','beijing',0,'12352',10111,1),(101110411,'å´å ¡','beijing',0,'12352',10111,1),(101110412,'æ¸…æ¶§','beijing',0,'12352',10111,1),(101110413,'æ¦†é˜³','beijing',0,'12352',10111,1),(101110501,'æ¸­å—','beijing',0,'12352',10111,1),(101110502,'åå¿','beijing',0,'12352',10111,1),(101110503,'æ½¼å…³','beijing',0,'12352',10111,1),(101110504,'å¤§è”','beijing',0,'12352',10111,1),(101110505,'ç™½æ°´','beijing',0,'12352',10111,1),(101110506,'å¯Œå¹³','beijing',0,'12352',10111,1),(101110507,'è’²åŸ','beijing',0,'12352',10111,1),(101110508,'æ¾„åŸ','beijing',0,'12352',10111,1),(101110509,'åˆé˜³','beijing',0,'12352',10111,1),(101110510,'éŸ©åŸ','beijing',0,'12352',10111,1),(101110511,'åé˜´','beijing',0,'12352',10111,1),(101110601,'å•†æ´›','beijing',0,'12352',10111,1),(101110602,'æ´›å—','beijing',0,'12352',10111,1),(101110603,'æŸæ°´','beijing',0,'12352',10111,1),(101110604,'å•†å·','beijing',0,'12352',10111,1),(101110605,'é•‡å®‰','beijing',0,'12352',10111,1),(101110606,'ä¸¹å‡¤','beijing',0,'12352',10111,1),(101110607,'å•†å—','beijing',0,'12352',10111,1),(101110608,'å±±é˜³','beijing',0,'12352',10111,1),(101110701,'å®‰åº·','beijing',0,'12352',10111,1),(101110702,'ç´«é˜³','beijing',0,'12352',10111,1),(101110703,'çŸ³æ³‰','beijing',0,'12352',10111,1),(101110704,'æ±‰é˜´','beijing',0,'12352',10111,1),(101110705,'æ—¬é˜³','beijing',0,'12352',10111,1),(101110706,'å²šçš‹','beijing',0,'12352',10111,1),(101110707,'å¹³åˆ©','beijing',0,'12352',10111,1),(101110708,'ç™½æ²³','beijing',0,'12352',10111,1),(101110709,'é•‡åª','beijing',0,'12352',10111,1),(101110710,'å®é™•','beijing',0,'12352',10111,1),(101110801,'æ±‰ä¸­','beijing',0,'12352',10111,1),(101110802,'ç•¥é˜³','beijing',0,'12352',10111,1),(101110803,'å‹‰å¿','beijing',0,'12352',10111,1),(101110804,'ç•™å','beijing',0,'12352',10111,1),(101110805,'æ´‹å¿','beijing',0,'12352',10111,1),(101110806,'åŸå›º','beijing',0,'12352',10111,1),(101110807,'è¥¿ä¹¡','beijing',0,'12352',10111,1),(101110808,'ä½›åª','beijing',0,'12352',10111,1),(101110809,'å®å¼º','beijing',0,'12352',10111,1),(101110810,'å—éƒ‘','beijing',0,'12352',10111,1),(101110811,'é•‡å·´','beijing',0,'12352',10111,1),(101110901,'å®é¸¡','beijing',0,'12352',10111,1),(101110903,'åƒé˜³','beijing',0,'12352',10111,1),(101110904,'éºŸæ¸¸','beijing',0,'12352',10111,1),(101110905,'å²å±±','beijing',0,'12352',10111,1),(101110906,'å‡¤ç¿”','beijing',0,'12352',10111,1),(101110907,'æ‰¶é£','beijing',0,'12352',10111,1),(101110908,'çœ‰å¿','beijing',0,'12352',10111,1),(101110909,'å¤ªç™½','beijing',0,'12352',10111,1),(101110910,'å‡¤å¿','beijing',0,'12352',10111,1),(101110911,'é™‡å¿','beijing',0,'12352',10111,1),(101110912,'é™ˆä»“','beijing',0,'12352',10111,1),(101111001,'é“œå·','beijing',0,'12352',10111,1),(101111002,'è€€å¿','beijing',0,'12352',10111,1),(101111003,'å®œå›','beijing',0,'12352',10111,1),(101111004,'è€€å·','beijing',0,'12352',10111,1),(101111101,'æ¨å‡Œ','beijing',0,'12352',10111,1),(101120101,'æµå—','beijing',0,'12352',10112,1),(101120102,'é•¿æ¸…','beijing',0,'12352',10112,1),(101120103,'å•†æ²³','beijing',0,'12352',10112,1),(101120104,'ç« ä¸˜','beijing',0,'12352',10112,1),(101120105,'å¹³é˜´','beijing',0,'12352',10112,1),(101120106,'æµé˜³','beijing',0,'12352',10112,1),(101120201,'é’å²›','beijing',0,'12352',10112,1),(101120202,'å´‚å±±','beijing',0,'12352',10112,1),(101120204,'å³å¢¨','beijing',0,'12352',10112,1),(101120205,'èƒ¶å·','beijing',0,'12352',10112,1),(101120206,'èƒ¶å—','beijing',0,'12352',10112,1),(101120207,'è±è¥¿','beijing',0,'12352',10112,1),(101120208,'å¹³åº¦','beijing',0,'12352',10112,1),(101120301,'æ·„åš','beijing',0,'12352',10112,1),(101120302,'æ·„å·','beijing',0,'12352',10112,1),(101120303,'åšå±±','beijing',0,'12352',10112,1),(101120304,'é«˜é’','beijing',0,'12352',10112,1),(101120305,'å‘¨æ‘','beijing',0,'12352',10112,1),(101120306,'æ²‚æº','beijing',0,'12352',10112,1),(101120307,'æ¡“å°','beijing',0,'12352',10112,1),(101120308,'ä¸´æ·„','beijing',0,'12352',10112,1),(101120401,'å¾·å·','beijing',0,'12352',10112,1),(101120402,'æ­¦åŸ','beijing',0,'12352',10112,1),(101120403,'ä¸´é‚‘','beijing',0,'12352',10112,1),(101120404,'é™µå¿','beijing',0,'12352',10112,1),(101120405,'é½æ²³','beijing',0,'12352',10112,1),(101120406,'ä¹é™µ','beijing',0,'12352',10112,1),(101120407,'åº†äº‘','beijing',0,'12352',10112,1),(101120408,'å¹³åŸ','beijing',0,'12352',10112,1),(101120409,'å®æ´¥','beijing',0,'12352',10112,1),(101120410,'å¤æ´¥','beijing',0,'12352',10112,1),(101120411,'ç¦¹åŸ','beijing',0,'12352',10112,1),(101120501,'çƒŸå°','beijing',0,'12352',10112,1),(101120502,'è±å·','beijing',0,'12352',10112,1),(101120503,'é•¿å²›','beijing',0,'12352',10112,1),(101120504,'è“¬è±','beijing',0,'12352',10112,1),(101120505,'é¾™å£','beijing',0,'12352',10112,1),(101120506,'æ‹›è¿œ','beijing',0,'12352',10112,1),(101120507,'æ –éœ','beijing',0,'12352',10112,1),(101120508,'ç¦å±±','beijing',0,'12352',10112,1),(101120509,'ç‰Ÿå¹³','beijing',0,'12352',10112,1),(101120510,'è±é˜³','beijing',0,'12352',10112,1),(101120511,'æµ·é˜³','beijing',0,'12352',10112,1),(101120601,'æ½åŠ','beijing',0,'12352',10112,1),(101120602,'é’å·','beijing',0,'12352',10112,1),(101120603,'å¯¿å…‰','beijing',0,'12352',10112,1),(101120604,'ä¸´æœ','beijing',0,'12352',10112,1),(101120605,'æ˜Œä¹','beijing',0,'12352',10112,1),(101120606,'æ˜Œé‚‘','beijing',0,'12352',10112,1),(101120607,'å®‰ä¸˜','beijing',0,'12352',10112,1),(101120608,'é«˜å¯†','beijing',0,'12352',10112,1),(101120609,'è¯¸åŸ','beijing',0,'12352',10112,1),(101120701,'æµå®','beijing',0,'12352',10112,1),(101120702,'å˜‰ç¥¥','beijing',0,'12352',10112,1),(101120703,'å¾®å±±','beijing',0,'12352',10112,1),(101120704,'é±¼å°','beijing',0,'12352',10112,1),(101120705,'å…–å·','beijing',0,'12352',10112,1),(101120706,'é‡‘ä¹¡','beijing',0,'12352',10112,1),(101120707,'æ±¶ä¸Š','beijing',0,'12352',10112,1),(101120708,'æ³—æ°´','beijing',0,'12352',10112,1),(101120709,'æ¢å±±','beijing',0,'12352',10112,1),(101120710,'æ›²é˜œ','beijing',0,'12352',10112,1),(101120711,'é‚¹åŸ','beijing',0,'12352',10112,1),(101120801,'æ³°å®‰','beijing',0,'12352',10112,1),(101120802,'æ–°æ³°','beijing',0,'12352',10112,1),(101120804,'è‚¥åŸ','beijing',0,'12352',10112,1),(101120805,'ä¸œå¹³','beijing',0,'12352',10112,1),(101120806,'å®é˜³','beijing',0,'12352',10112,1),(101120901,'ä¸´æ²‚','beijing',0,'12352',10112,1),(101120902,'è’å—','beijing',0,'12352',10112,1),(101120903,'æ²‚å—','beijing',0,'12352',10112,1),(101120904,'è‹å±±','beijing',0,'12352',10112,1),(101120905,'ä¸´æ²­','beijing',0,'12352',10112,1),(101120906,'éƒ¯åŸ','beijing',0,'12352',10112,1),(101120907,'è’™é˜´','beijing',0,'12352',10112,1),(101120908,'å¹³é‚‘','beijing',0,'12352',10112,1),(101120909,'è´¹å¿','beijing',0,'12352',10112,1),(101120910,'æ²‚æ°´','beijing',0,'12352',10112,1),(101121001,'èæ³½','beijing',0,'12352',10112,1),(101121002,'é„„åŸ','beijing',0,'12352',10112,1),(101121003,'éƒ“åŸ','beijing',0,'12352',10112,1),(101121004,'ä¸œæ˜','beijing',0,'12352',10112,1),(101121005,'å®šé™¶','beijing',0,'12352',10112,1),(101121006,'å·¨é‡','beijing',0,'12352',10112,1),(101121007,'æ›¹å¿','beijing',0,'12352',10112,1),(101121008,'æˆæ­¦','beijing',0,'12352',10112,1),(101121009,'å•å¿','beijing',0,'12352',10112,1),(101121101,'æ»¨å·','beijing',0,'12352',10112,1),(101121102,'åšå…´','beijing',0,'12352',10112,1),(101121103,'æ— æ££','beijing',0,'12352',10112,1),(101121104,'é˜³ä¿¡','beijing',0,'12352',10112,1),(101121105,'æƒ æ°‘','beijing',0,'12352',10112,1),(101121106,'æ²¾åŒ–','beijing',0,'12352',10112,1),(101121107,'é‚¹å¹³','beijing',0,'12352',10112,1),(101121201,'ä¸œè¥','beijing',0,'12352',10112,1),(101121202,'æ²³å£','beijing',0,'12352',10112,1),(101121203,'å¦åˆ©','beijing',0,'12352',10112,1),(101121204,'åˆ©æ´¥','beijing',0,'12352',10112,1),(101121205,'å¹¿é¥¶','beijing',0,'12352',10112,1),(101121301,'å¨æµ·','beijing',0,'12352',10112,1),(101121302,'æ–‡ç™»','beijing',0,'12352',10112,1),(101121303,'è£æˆ','beijing',0,'12352',10112,1),(101121304,'ä¹³å±±','beijing',0,'12352',10112,1),(101121305,'æˆå±±å¤´','beijing',0,'12352',10112,1),(101121306,'çŸ³å²›','beijing',0,'12352',10112,1),(101121401,'æ£åº„','beijing',0,'12352',10112,1),(101121402,'è–›åŸ','beijing',0,'12352',10112,1),(101121403,'å³„åŸ','beijing',0,'12352',10112,1),(101121404,'å°å„¿åº„','beijing',0,'12352',10112,1),(101121405,'æ»•å·','beijing',0,'12352',10112,1),(101121501,'æ—¥ç…§','beijing',0,'12352',10112,1),(101121502,'äº”è²','beijing',0,'12352',10112,1),(101121503,'è’å¿','beijing',0,'12352',10112,1),(101121601,'è±èŠœ','beijing',0,'12352',10112,1),(101121701,'èŠåŸ','beijing',0,'12352',10112,1),(101121702,'å† å¿','beijing',0,'12352',10112,1),(101121703,'é˜³è°·','beijing',0,'12352',10112,1),(101121704,'é«˜å”','beijing',0,'12352',10112,1),(101121705,'èŒŒå¹³','beijing',0,'12352',10112,1),(101121706,'ä¸œé˜¿','beijing',0,'12352',10112,1),(101121707,'ä¸´æ¸…','beijing',0,'12352',10112,1),(101121709,'è˜å¿','beijing',0,'12352',10112,1),(101130101,'ä¹Œé²æœ¨é½','beijing',0,'12352',10113,1),(101130103,'å°æ¸ å­','beijing',0,'12352',10113,1),(101130105,'è¾¾å‚åŸ','beijing',0,'12352',10113,1),(101130108,'ä¹Œé²æœ¨é½ç‰§è¯•ç«™','beijing',0,'12352',10113,1),(101130109,'å¤©æ± ','beijing',0,'12352',10113,1),(101130110,'ç™½æ¨æ²Ÿ','beijing',0,'12352',10113,1),(101130201,'å…‹æ‹‰ç›ä¾','beijing',0,'12352',10113,1),(101130202,'ä¹Œå°”ç¦¾','beijing',0,'12352',10113,1),(101130203,'ç™½ç¢±æ»©','beijing',0,'12352',10113,1),(101130301,'çŸ³æ²³å­','beijing',0,'12352',10113,1),(101130302,'ç‚®å°','beijing',0,'12352',10113,1),(101130303,'è«ç´¢æ¹¾','beijing',0,'12352',10113,1),(101130401,'æ˜Œå‰','beijing',0,'12352',10113,1),(101130402,'å‘¼å›¾å£','beijing',0,'12352',10113,1),(101130403,'ç±³æ³‰','beijing',0,'12352',10113,1),(101130404,'é˜œåº·','beijing',0,'12352',10113,1),(101130405,'å‰æœ¨è¨å°”','beijing',0,'12352',10113,1),(101130406,'å¥‡å°','beijing',0,'12352',10113,1),(101130407,'ç›çº³æ–¯','beijing',0,'12352',10113,1),(101130408,'æœ¨å’','beijing',0,'12352',10113,1),(101130409,'è”¡å®¶æ¹–','beijing',0,'12352',10113,1),(101130501,'åé²ç•ª','beijing',0,'12352',10113,1),(101130502,'æ‰˜å…‹é€Š','beijing',0,'12352',10113,1),(101130504,'é„¯å–„','beijing',0,'12352',10113,1),(101130601,'åº“å°”å‹’','beijing',0,'12352',10113,1),(101130602,'è½®å°','beijing',0,'12352',10113,1),(101130603,'å°‰çŠ','beijing',0,'12352',10113,1),(101130604,'è‹¥ç¾Œ','beijing',0,'12352',10113,1),(101130605,'ä¸”æœ«','beijing',0,'12352',10113,1),(101130606,'å’Œé™','beijing',0,'12352',10113,1),(101130607,'ç„‰è€†','beijing',0,'12352',10113,1),(101130608,'å’Œç¡•','beijing',0,'12352',10113,1),(101130610,'å·´éŸ³å¸ƒé²å…‹','beijing',0,'12352',10113,1),(101130611,'é“å¹²é‡Œå…‹','beijing',0,'12352',10113,1),(101130612,'åšæ¹–','beijing',0,'12352',10113,1),(101130613,'å¡”ä¸­','beijing',0,'12352',10113,1),(101130614,'å·´ä»‘å°','beijing',0,'12352',10113,1),(101130701,'é˜¿æ‹‰å°”','beijing',0,'12352',10113,1),(101130801,'é˜¿å…‹è‹','beijing',0,'12352',10113,1),(101130802,'ä¹Œä»€','beijing',0,'12352',10113,1),(101130803,'æ¸©å®¿','beijing',0,'12352',10113,1),(101130804,'æ‹œåŸ','beijing',0,'12352',10113,1),(101130805,'æ–°å’Œ','beijing',0,'12352',10113,1),(101130806,'æ²™é›…','beijing',0,'12352',10113,1),(101130807,'åº“è½¦','beijing',0,'12352',10113,1),(101130808,'æŸ¯åª','beijing',0,'12352',10113,1),(101130809,'é˜¿ç“¦æ','beijing',0,'12352',10113,1),(101130901,'å–€ä»€','beijing',0,'12352',10113,1),(101130902,'è‹±å‰æ²™','beijing',0,'12352',10113,1),(101130903,'å¡”ä»€åº“å°”å¹²','beijing',0,'12352',10113,1),(101130904,'éº¦ç›–æ','beijing',0,'12352',10113,1),(101130905,'èè½¦','beijing',0,'12352',10113,1),(101130906,'å¶åŸ','beijing',0,'12352',10113,1),(101130907,'æ³½æ™®','beijing',0,'12352',10113,1),(101130908,'å·´æ¥š','beijing',0,'12352',10113,1),(101130909,'å²³æ™®æ¹–','beijing',0,'12352',10113,1),(101130910,'ä¼½å¸ˆ','beijing',0,'12352',10113,1),(101130911,'ç–é™„','beijing',0,'12352',10113,1),(101130912,'ç–å‹’','beijing',0,'12352',10113,1),(101131001,'ä¼Šå®','beijing',0,'12352',10113,1),(101131002,'å¯Ÿå¸ƒæŸ¥å°”','beijing',0,'12352',10113,1),(101131003,'å°¼å‹’å…‹','beijing',0,'12352',10113,1),(101131004,'ä¼Šå®å¿','beijing',0,'12352',10113,1),(101131005,'å·©ç•™','beijing',0,'12352',10113,1),(101131006,'æ–°æº','beijing',0,'12352',10113,1),(101131007,'æ˜­è‹','beijing',0,'12352',10113,1),(101131008,'ç‰¹å…‹æ–¯','beijing',0,'12352',10113,1),(101131009,'éœåŸ','beijing',0,'12352',10113,1),(101131010,'éœå°”æœæ–¯','beijing',0,'12352',10113,1),(101131011,'å¥å±¯','beijing',0,'12352',10113,1),(101131101,'å¡”åŸ','beijing',0,'12352',10113,1),(101131102,'è£•æ°‘','beijing',0,'12352',10113,1),(101131103,'é¢æ•','beijing',0,'12352',10113,1),(101131104,'å’Œå¸ƒå…‹èµ›å°”','beijing',0,'12352',10113,1),(101131105,'æ‰˜é‡Œ','beijing',0,'12352',10113,1),(101131106,'ä¹Œè‹','beijing',0,'12352',10113,1),(101131107,'æ²™æ¹¾','beijing',0,'12352',10113,1),(101131201,'å“ˆå¯†','beijing',0,'12352',10113,1),(101131203,'å·´é‡Œå¤','beijing',0,'12352',10113,1),(101131204,'ä¼Šå¾','beijing',0,'12352',10113,1),(101131301,'å’Œç”°','beijing',0,'12352',10113,1),(101131302,'çš®å±±','beijing',0,'12352',10113,1),(101131303,'ç­–å‹’','beijing',0,'12352',10113,1),(101131304,'å¢¨ç‰','beijing',0,'12352',10113,1),(101131305,'æ´›æµ¦','beijing',0,'12352',10113,1),(101131306,'æ°‘ä¸°','beijing',0,'12352',10113,1),(101131307,'äºç”°','beijing',0,'12352',10113,1),(101131401,'é˜¿å‹’æ³°','beijing',0,'12352',10113,1),(101131402,'å“ˆå·´æ²³','beijing',0,'12352',10113,1),(101131405,'å‰æœ¨ä¹ƒ','beijing',0,'12352',10113,1),(101131406,'å¸ƒå°”æ´¥','beijing',0,'12352',10113,1),(101131407,'ç¦æµ·','beijing',0,'12352',10113,1),(101131408,'å¯Œè•´','beijing',0,'12352',10113,1),(101131409,'é’æ²³','beijing',0,'12352',10113,1),(101131501,'é˜¿å›¾ä»€','beijing',0,'12352',10113,1),(101131502,'ä¹Œæ°','beijing',0,'12352',10113,1),(101131503,'é˜¿å…‹é™¶','beijing',0,'12352',10113,1),(101131504,'é˜¿åˆå¥‡','beijing',0,'12352',10113,1),(101131601,'åšä¹','beijing',0,'12352',10113,1),(101131602,'æ¸©æ³‰','beijing',0,'12352',10113,1),(101131603,'ç²¾æ²³','beijing',0,'12352',10113,1),(101131606,'é˜¿æ‹‰å±±å£','beijing',0,'12352',10113,1),(101140101,'æ‹‰è¨','beijing',0,'12352',10114,1),(101140102,'å½“é›„','beijing',0,'12352',10114,1),(101140103,'å°¼æœ¨','beijing',0,'12352',10114,1),(101140104,'æ—å‘¨','beijing',0,'12352',10114,1),(101140105,'å †é¾™å¾·åº†','beijing',0,'12352',10114,1),(101140106,'æ›²æ°´','beijing',0,'12352',10114,1),(101140107,'è¾¾å­œ','beijing',0,'12352',10114,1),(101140108,'å¢¨ç«¹å·¥å¡','beijing',0,'12352',10114,1),(101140201,'æ—¥å–€åˆ™','beijing',0,'12352',10114,1),(101140202,'æ‹‰å­œ','beijing',0,'12352',10114,1),(101140203,'å—æœ¨æ—','beijing',0,'12352',10114,1),(101140204,'è‚æ‹‰æœ¨','beijing',0,'12352',10114,1),(101140205,'å®šæ—¥','beijing',0,'12352',10114,1),(101140206,'æ±Ÿå­œ','beijing',0,'12352',10114,1),(101140207,'å¸•é‡Œ','beijing',0,'12352',10114,1),(101140208,'ä»²å·´','beijing',0,'12352',10114,1),(101140209,'è¨å˜','beijing',0,'12352',10114,1),(101140210,'å‰éš†','beijing',0,'12352',10114,1),(101140211,'æ˜‚ä»','beijing',0,'12352',10114,1),(101140212,'å®šç»“','beijing',0,'12352',10114,1),(101140213,'è¨è¿¦','beijing',0,'12352',10114,1),(101140214,'è°¢é€šé—¨','beijing',0,'12352',10114,1),(101140216,'å²—å·´','beijing',0,'12352',10114,1),(101140217,'ç™½æœ—','beijing',0,'12352',10114,1),(101140218,'äºšä¸œ','beijing',0,'12352',10114,1),(101140219,'åº·é©¬','beijing',0,'12352',10114,1),(101140220,'ä»å¸ƒ','beijing',0,'12352',10114,1),(101140301,'å±±å—','beijing',0,'12352',10114,1),(101140302,'è´¡å˜','beijing',0,'12352',10114,1),(101140303,'æœ­å›Š','beijing',0,'12352',10114,1),(101140304,'åŠ æŸ¥','beijing',0,'12352',10114,1),(101140305,'æµªå¡å­','beijing',0,'12352',10114,1),(101140306,'é”™é‚£','beijing',0,'12352',10114,1),(101140307,'éš†å­','beijing',0,'12352',10114,1),(101140308,'æ³½å½“','beijing',0,'12352',10114,1),(101140309,'ä¹ƒä¸œ','beijing',0,'12352',10114,1),(101140310,'æ¡‘æ—¥','beijing',0,'12352',10114,1),(101140311,'æ´›æ‰','beijing',0,'12352',10114,1),(101140312,'æªç¾','beijing',0,'12352',10114,1),(101140313,'ç¼ç»“','beijing',0,'12352',10114,1),(101140314,'æ›²æ¾','beijing',0,'12352',10114,1),(101140401,'æ—èŠ','beijing',0,'12352',10114,1),(101140402,'æ³¢å¯†','beijing',0,'12352',10114,1),(101140403,'ç±³æ—','beijing',0,'12352',10114,1),(101140404,'å¯Ÿéš…','beijing',0,'12352',10114,1),(101140405,'å·¥å¸ƒæ±Ÿè¾¾','beijing',0,'12352',10114,1),(101140406,'æœ—å¿','beijing',0,'12352',10114,1),(101140407,'å¢¨è„±','beijing',0,'12352',10114,1),(101140501,'æ˜Œéƒ½','beijing',0,'12352',10114,1),(101140502,'ä¸é’','beijing',0,'12352',10114,1),(101140503,'è¾¹å','beijing',0,'12352',10114,1),(101140504,'æ´›éš†','beijing',0,'12352',10114,1),(101140505,'å·¦è´¡','beijing',0,'12352',10114,1),(101140506,'èŠ’åº·','beijing',0,'12352',10114,1),(101140507,'ç±»ä¹Œé½','beijing',0,'12352',10114,1),(101140508,'å…«å®¿','beijing',0,'12352',10114,1),(101140509,'æ±Ÿè¾¾','beijing',0,'12352',10114,1),(101140510,'å¯Ÿé›…','beijing',0,'12352',10114,1),(101140511,'è´¡è§‰','beijing',0,'12352',10114,1),(101140601,'é‚£æ›²','beijing',0,'12352',10114,1),(101140602,'å°¼ç›','beijing',0,'12352',10114,1),(101140603,'å˜‰é»','beijing',0,'12352',10114,1),(101140604,'ç­æˆˆ','beijing',0,'12352',10114,1),(101140605,'å®‰å¤š','beijing',0,'12352',10114,1),(101140606,'ç´¢å¿','beijing',0,'12352',10114,1),(101140607,'è‚è£','beijing',0,'12352',10114,1),(101140608,'å·´é’','beijing',0,'12352',10114,1),(101140609,'æ¯”å¦‚','beijing',0,'12352',10114,1),(101140701,'é˜¿é‡Œ','beijing',0,'12352',10114,1),(101140702,'æ”¹åˆ™','beijing',0,'12352',10114,1),(101140703,'ç”³æ‰','beijing',0,'12352',10114,1),(101140704,'ç‹®æ³‰æ²³','beijing',0,'12352',10114,1),(101140705,'æ™®å…°','beijing',0,'12352',10114,1),(101140706,'æœ­è¾¾','beijing',0,'12352',10114,1),(101140707,'å™¶å°”','beijing',0,'12352',10114,1),(101140708,'æ—¥åœŸ','beijing',0,'12352',10114,1),(101140709,'é©å‰','beijing',0,'12352',10114,1),(101140710,'æªå‹¤','beijing',0,'12352',10114,1),(101150101,'è¥¿å®','beijing',0,'12352',10115,1),(101150102,'å¤§é€š','beijing',0,'12352',10115,1),(101150103,'æ¹Ÿæº','beijing',0,'12352',10115,1),(101150104,'æ¹Ÿä¸­','beijing',0,'12352',10115,1),(101150201,'æµ·ä¸œ','beijing',0,'12352',10115,1),(101150202,'ä¹éƒ½','beijing',0,'12352',10115,1),(101150203,'æ°‘å’Œ','beijing',0,'12352',10115,1),(101150204,'äº’åŠ©','beijing',0,'12352',10115,1),(101150205,'åŒ–éš†','beijing',0,'12352',10115,1),(101150206,'å¾ªåŒ–','beijing',0,'12352',10115,1),(101150207,'å†·æ¹–','beijing',0,'12352',10115,1),(101150208,'å¹³å®‰','beijing',0,'12352',10115,1),(101150301,'é»„å—','beijing',0,'12352',10115,1),(101150302,'å°–æ‰','beijing',0,'12352',10115,1),(101150303,'æ³½åº“','beijing',0,'12352',10115,1),(101150304,'æ²³å—','beijing',0,'12352',10115,1),(101150305,'åŒä»','beijing',0,'12352',10115,1),(101150401,'æµ·å—','beijing',0,'12352',10115,1),(101150404,'è´µå¾·','beijing',0,'12352',10115,1),(101150406,'å…´æµ·','beijing',0,'12352',10115,1),(101150407,'è´µå—','beijing',0,'12352',10115,1),(101150408,'åŒå¾·','beijing',0,'12352',10115,1),(101150409,'å…±å’Œ','beijing',0,'12352',10115,1),(101150501,'æœæ´›','beijing',0,'12352',10115,1),(101150502,'ç­ç›','beijing',0,'12352',10115,1),(101150503,'ç”˜å¾·','beijing',0,'12352',10115,1),(101150504,'è¾¾æ—¥','beijing',0,'12352',10115,1),(101150505,'ä¹…æ²»','beijing',0,'12352',10115,1),(101150506,'ç›å¤š','beijing',0,'12352',10115,1),(101150507,'å¤šå¿','beijing',0,'12352',10115,1),(101150508,'ç›æ²','beijing',0,'12352',10115,1),(101150601,'ç‰æ ‘','beijing',0,'12352',10115,1),(101150602,'ç§°å¤š','beijing',0,'12352',10115,1),(101150603,'æ²»å¤š','beijing',0,'12352',10115,1),(101150604,'æ‚å¤š','beijing',0,'12352',10115,1),(101150605,'å›Šè°¦','beijing',0,'12352',10115,1),(101150606,'æ›²éº»è±','beijing',0,'12352',10115,1),(101150701,'æµ·è¥¿','beijing',0,'12352',10115,1),(101150708,'å¤©å³»','beijing',0,'12352',10115,1),(101150709,'ä¹Œå…°','beijing',0,'12352',10115,1),(101150712,'èŒ«å´–','beijing',0,'12352',10115,1),(101150713,'å¤§æŸ´æ—¦','beijing',0,'12352',10115,1),(101150716,'å¾·ä»¤å“ˆ','beijing',0,'12352',10115,1),(101150801,'æµ·åŒ—','beijing',0,'12352',10115,1),(101150802,'é—¨æº','beijing',0,'12352',10115,1),(101150803,'ç¥è¿','beijing',0,'12352',10115,1),(101150804,'æµ·æ™','beijing',0,'12352',10115,1),(101150806,'åˆšå¯Ÿ','beijing',0,'12352',10115,1),(101150901,'æ ¼å°”æœ¨','beijing',0,'12352',10115,1),(101150902,'éƒ½å…°','beijing',0,'12352',10115,1),(101160101,'å…°å·','beijing',0,'12352',10116,1),(101160102,'çš‹å…°','beijing',0,'12352',10116,1),(101160103,'æ°¸ç™»','beijing',0,'12352',10116,1),(101160104,'æ¦†ä¸­','beijing',0,'12352',10116,1),(101160201,'å®šè¥¿','beijing',0,'12352',10116,1),(101160202,'é€šæ¸­','beijing',0,'12352',10116,1),(101160203,'é™‡è¥¿','beijing',0,'12352',10116,1),(101160204,'æ¸­æº','beijing',0,'12352',10116,1),(101160205,'ä¸´æ´®','beijing',0,'12352',10116,1),(101160206,'æ¼³å¿','beijing',0,'12352',10116,1),(101160207,'å²·å¿','beijing',0,'12352',10116,1),(101160208,'å®‰å®š','beijing',0,'12352',10116,1),(101160301,'å¹³å‡‰','beijing',0,'12352',10116,1),(101160302,'æ³¾å·','beijing',0,'12352',10116,1),(101160303,'çµå°','beijing',0,'12352',10116,1),(101160304,'å´‡ä¿¡','beijing',0,'12352',10116,1),(101160305,'åäº­','beijing',0,'12352',10116,1),(101160306,'åº„æµª','beijing',0,'12352',10116,1),(101160307,'é™å®','beijing',0,'12352',10116,1),(101160308,'å´†å³’','beijing',0,'12352',10116,1),(101160401,'åº†é˜³','beijing',0,'12352',10116,1),(101160402,'è¥¿å³°','beijing',0,'12352',10116,1),(101160403,'ç¯å¿','beijing',0,'12352',10116,1),(101160404,'åæ± ','beijing',0,'12352',10116,1),(101160405,'åˆæ°´','beijing',0,'12352',10116,1),(101160406,'æ­£å®','beijing',0,'12352',10116,1),(101160407,'å®å¿','beijing',0,'12352',10116,1),(101160408,'é•‡åŸ','beijing',0,'12352',10116,1),(101160409,'åº†åŸ','beijing',0,'12352',10116,1),(101160501,'æ­¦å¨','beijing',0,'12352',10116,1),(101160502,'æ°‘å‹¤','beijing',0,'12352',10116,1),(101160503,'å¤æµª','beijing',0,'12352',10116,1),(101160505,'å¤©ç¥','beijing',0,'12352',10116,1),(101160601,'é‡‘æ˜Œ','beijing',0,'12352',10116,1),(101160602,'æ°¸æ˜Œ','beijing',0,'12352',10116,1),(101160701,'å¼ æ–','beijing',0,'12352',10116,1),(101160702,'è‚ƒå—','beijing',0,'12352',10116,1),(101160703,'æ°‘ä¹','beijing',0,'12352',10116,1),(101160704,'ä¸´æ³½','beijing',0,'12352',10116,1),(101160705,'é«˜å°','beijing',0,'12352',10116,1),(101160706,'å±±ä¸¹','beijing',0,'12352',10116,1),(101160801,'é…’æ³‰','beijing',0,'12352',10116,1),(101160803,'é‡‘å¡”','beijing',0,'12352',10116,1),(101160804,'é˜¿å…‹å¡','beijing',0,'12352',10116,1),(101160805,'ç“œå·','beijing',0,'12352',10116,1),(101160806,'è‚ƒåŒ—','beijing',0,'12352',10116,1),(101160807,'ç‰é—¨','beijing',0,'12352',10116,1),(101160808,'æ•¦ç…Œ','beijing',0,'12352',10116,1),(101160901,'å¤©æ°´','beijing',0,'12352',10116,1),(101160903,'æ¸…æ°´','beijing',0,'12352',10116,1),(101160904,'ç§¦å®‰','beijing',0,'12352',10116,1),(101160905,'ç”˜è°·','beijing',0,'12352',10116,1),(101160906,'æ­¦å±±','beijing',0,'12352',10116,1),(101160907,'å¼ å®¶å·','beijing',0,'12352',10116,1),(101160908,'éº¦ç§¯','beijing',0,'12352',10116,1),(101161001,'æ­¦éƒ½','beijing',0,'12352',10116,1),(101161002,'æˆå¿','beijing',0,'12352',10116,1),(101161003,'æ–‡å¿','beijing',0,'12352',10116,1),(101161004,'å®•æ˜Œ','beijing',0,'12352',10116,1),(101161005,'åº·å¿','beijing',0,'12352',10116,1),(101161006,'è¥¿å’Œ','beijing',0,'12352',10116,1),(101161007,'ç¤¼å¿','beijing',0,'12352',10116,1),(101161008,'å¾½å¿','beijing',0,'12352',10116,1),(101161009,'ä¸¤å½“','beijing',0,'12352',10116,1),(101161101,'ä¸´å¤','beijing',0,'12352',10116,1),(101161102,'åº·ä¹','beijing',0,'12352',10116,1),(101161103,'æ°¸é–','beijing',0,'12352',10116,1),(101161104,'å¹¿æ²³','beijing',0,'12352',10116,1),(101161105,'å’Œæ”¿','beijing',0,'12352',10116,1),(101161106,'ä¸œä¹¡','beijing',0,'12352',10116,1),(101161107,'ç§¯çŸ³å±±','beijing',0,'12352',10116,1),(101161201,'åˆä½œ','beijing',0,'12352',10116,1),(101161202,'ä¸´æ½­','beijing',0,'12352',10116,1),(101161203,'å“å°¼','beijing',0,'12352',10116,1),(101161204,'èˆŸæ›²','beijing',0,'12352',10116,1),(101161205,'è¿­éƒ¨','beijing',0,'12352',10116,1),(101161206,'ç›æ›²','beijing',0,'12352',10116,1),(101161207,'ç¢Œæ›²','beijing',0,'12352',10116,1),(101161208,'å¤æ²³','beijing',0,'12352',10116,1),(101161301,'ç™½é“¶','beijing',0,'12352',10116,1),(101161302,'é–è¿œ','beijing',0,'12352',10116,1),(101161303,'ä¼šå®','beijing',0,'12352',10116,1),(101161304,'å¹³å·','beijing',0,'12352',10116,1),(101161305,'æ™¯æ³°','beijing',0,'12352',10116,1),(101161401,'å˜‰å³ªå…³','beijing',0,'12352',10116,1),(101170101,'é“¶å·','beijing',0,'12352',10117,1),(101170102,'æ°¸å®','beijing',0,'12352',10117,1),(101170103,'çµæ­¦','beijing',0,'12352',10117,1),(101170104,'è´ºå…°','beijing',0,'12352',10117,1),(101170201,'çŸ³å˜´å±±','beijing',0,'12352',10117,1),(101170202,'æƒ å†œ','beijing',0,'12352',10117,1),(101170203,'å¹³ç½—','beijing',0,'12352',10117,1),(101170204,'é™¶ä¹','beijing',0,'12352',10117,1),(101170301,'å´å¿ ','beijing',0,'12352',10117,1),(101170302,'åŒå¿ƒ','beijing',0,'12352',10117,1),(101170303,'ç›æ± ','beijing',0,'12352',10117,1),(101170306,'é’é“œå³¡','beijing',0,'12352',10117,1),(101170401,'å›ºåŸ','beijing',0,'12352',10117,1),(101170402,'è¥¿å‰','beijing',0,'12352',10117,1),(101170403,'éš†å¾·','beijing',0,'12352',10117,1),(101170404,'æ³¾æº','beijing',0,'12352',10117,1),(101170406,'å½­é˜³','beijing',0,'12352',10117,1),(101170501,'ä¸­å«','beijing',0,'12352',10117,1),(101170502,'ä¸­å®','beijing',0,'12352',10117,1),(101170504,'æµ·åŸ','beijing',0,'12352',10117,1),(101180101,'éƒ‘å·','beijing',0,'12352',10118,1),(101180102,'å·©ä¹‰','beijing',0,'12352',10118,1),(101180103,'è¥é˜³','beijing',0,'12352',10118,1),(101180104,'ç™»å°','beijing',0,'12352',10118,1),(101180105,'æ–°å¯†','beijing',0,'12352',10118,1),(101180106,'æ–°éƒ‘','beijing',0,'12352',10118,1),(101180107,'ä¸­ç‰Ÿ','beijing',0,'12352',10118,1),(101180108,'ä¸Šè¡—','beijing',0,'12352',10118,1),(101180201,'å®‰é˜³','beijing',0,'12352',10118,1),(101180202,'æ±¤é˜´','beijing',0,'12352',10118,1),(101180203,'æ»‘å¿','beijing',0,'12352',10118,1),(101180204,'å†…é»„','beijing',0,'12352',10118,1),(101180205,'æ—å·','beijing',0,'12352',10118,1),(101180301,'æ–°ä¹¡','beijing',0,'12352',10118,1),(101180302,'è·å˜‰','beijing',0,'12352',10118,1),(101180303,'åŸé˜³','beijing',0,'12352',10118,1),(101180304,'è¾‰å¿','beijing',0,'12352',10118,1),(101180305,'å«è¾‰','beijing',0,'12352',10118,1),(101180306,'å»¶æ´¥','beijing',0,'12352',10118,1),(101180307,'å°ä¸˜','beijing',0,'12352',10118,1),(101180308,'é•¿å£','beijing',0,'12352',10118,1),(101180401,'è®¸æ˜Œ','beijing',0,'12352',10118,1),(101180402,'é„¢é™µ','beijing',0,'12352',10118,1),(101180403,'è¥„åŸ','beijing',0,'12352',10118,1),(101180404,'é•¿è‘›','beijing',0,'12352',10118,1),(101180405,'ç¦¹å·','beijing',0,'12352',10118,1),(101180501,'å¹³é¡¶å±±','beijing',0,'12352',10118,1),(101180502,'éƒå¿','beijing',0,'12352',10118,1),(101180503,'å®ä¸°','beijing',0,'12352',10118,1),(101180504,'æ±å·','beijing',0,'12352',10118,1),(101180505,'å¶å¿','beijing',0,'12352',10118,1),(101180506,'èˆé’¢','beijing',0,'12352',10118,1),(101180507,'é²å±±','beijing',0,'12352',10118,1),(101180508,'çŸ³é¾™','beijing',0,'12352',10118,1),(101180601,'ä¿¡é˜³','beijing',0,'12352',10118,1),(101180602,'æ¯å¿','beijing',0,'12352',10118,1),(101180603,'ç½—å±±','beijing',0,'12352',10118,1),(101180604,'å…‰å±±','beijing',0,'12352',10118,1),(101180605,'æ–°å¿','beijing',0,'12352',10118,1),(101180606,'æ·®æ»¨','beijing',0,'12352',10118,1),(101180607,'æ½¢å·','beijing',0,'12352',10118,1),(101180608,'å›ºå§‹','beijing',0,'12352',10118,1),(101180609,'å•†åŸ','beijing',0,'12352',10118,1),(101180701,'å—é˜³','beijing',0,'12352',10118,1),(101180702,'å—å¬','beijing',0,'12352',10118,1),(101180703,'æ–¹åŸ','beijing',0,'12352',10118,1),(101180704,'ç¤¾æ——','beijing',0,'12352',10118,1),(101180705,'è¥¿å³¡','beijing',0,'12352',10118,1),(101180706,'å†…ä¹¡','beijing',0,'12352',10118,1),(101180707,'é•‡å¹³','beijing',0,'12352',10118,1),(101180708,'æ·…å·','beijing',0,'12352',10118,1),(101180709,'æ–°é‡','beijing',0,'12352',10118,1),(101180710,'å”æ²³','beijing',0,'12352',10118,1),(101180711,'é‚“å·','beijing',0,'12352',10118,1),(101180712,'æ¡æŸ','beijing',0,'12352',10118,1),(101180801,'å¼€å°','beijing',0,'12352',10118,1),(101180802,'æå¿','beijing',0,'12352',10118,1),(101180803,'å°‰æ°','beijing',0,'12352',10118,1),(101180804,'é€šè®¸','beijing',0,'12352',10118,1),(101180805,'å…°è€ƒ','beijing',0,'12352',10118,1),(101180901,'æ´›é˜³','beijing',0,'12352',10118,1),(101180902,'æ–°å®‰','beijing',0,'12352',10118,1),(101180903,'å­Ÿæ´¥','beijing',0,'12352',10118,1),(101180904,'å®œé˜³','beijing',0,'12352',10118,1),(101180905,'æ´›å®','beijing',0,'12352',10118,1),(101180906,'ä¼Šå·','beijing',0,'12352',10118,1),(101180907,'åµ©å¿','beijing',0,'12352',10118,1),(101180908,'åƒå¸ˆ','beijing',0,'12352',10118,1),(101180909,'æ ¾å·','beijing',0,'12352',10118,1),(101180910,'æ±é˜³','beijing',0,'12352',10118,1),(101180911,'å‰åˆ©','beijing',0,'12352',10118,1),(101181001,'å•†ä¸˜','beijing',0,'12352',10118,1),(101181003,'ç¢å¿','beijing',0,'12352',10118,1),(101181004,'æ°‘æƒ','beijing',0,'12352',10118,1),(101181005,'è™åŸ','beijing',0,'12352',10118,1),(101181006,'æŸ˜åŸ','beijing',0,'12352',10118,1),(101181007,'å®é™µ','beijing',0,'12352',10118,1),(101181008,'å¤é‚‘','beijing',0,'12352',10118,1),(101181009,'æ°¸åŸ','beijing',0,'12352',10118,1),(101181101,'ç„¦ä½œ','beijing',0,'12352',10118,1),(101181102,'ä¿®æ­¦','beijing',0,'12352',10118,1),(101181103,'æ­¦é™Ÿ','beijing',0,'12352',10118,1),(101181104,'æ²é˜³','beijing',0,'12352',10118,1),(101181106,'åšçˆ±','beijing',0,'12352',10118,1),(101181107,'æ¸©å¿','beijing',0,'12352',10118,1),(101181108,'å­Ÿå·','beijing',0,'12352',10118,1),(101181201,'é¹¤å£','beijing',0,'12352',10118,1),(101181202,'æµšå¿','beijing',0,'12352',10118,1),(101181203,'æ·‡å¿','beijing',0,'12352',10118,1),(101181301,'æ¿®é˜³','beijing',0,'12352',10118,1),(101181302,'å°å‰','beijing',0,'12352',10118,1),(101181303,'å—ä¹','beijing',0,'12352',10118,1),(101181304,'æ¸…ä¸°','beijing',0,'12352',10118,1),(101181305,'èŒƒå¿','beijing',0,'12352',10118,1),(101181401,'å‘¨å£','beijing',0,'12352',10118,1),(101181402,'æ‰¶æ²Ÿ','beijing',0,'12352',10118,1),(101181403,'å¤ªåº·','beijing',0,'12352',10118,1),(101181404,'æ·®é˜³','beijing',0,'12352',10118,1),(101181405,'è¥¿å','beijing',0,'12352',10118,1),(101181406,'å•†æ°´','beijing',0,'12352',10118,1),(101181407,'é¡¹åŸ','beijing',0,'12352',10118,1),(101181408,'éƒ¸åŸ','beijing',0,'12352',10118,1),(101181409,'é¹¿é‚‘','beijing',0,'12352',10118,1),(101181410,'æ²ˆä¸˜','beijing',0,'12352',10118,1),(101181501,'æ¼¯æ²³','beijing',0,'12352',10118,1),(101181502,'ä¸´é¢','beijing',0,'12352',10118,1),(101181503,'èˆé˜³','beijing',0,'12352',10118,1),(101181601,'é©»é©¬åº—','beijing',0,'12352',10118,1),(101181602,'è¥¿å¹³','beijing',0,'12352',10118,1),(101181603,'é‚å¹³','beijing',0,'12352',10118,1),(101181604,'ä¸Šè”¡','beijing',0,'12352',10118,1),(101181605,'æ±å—','beijing',0,'12352',10118,1),(101181606,'æ³Œé˜³','beijing',0,'12352',10118,1),(101181607,'å¹³èˆ†','beijing',0,'12352',10118,1),(101181608,'æ–°è”¡','beijing',0,'12352',10118,1),(101181609,'ç¡®å±±','beijing',0,'12352',10118,1),(101181610,'æ­£é˜³','beijing',0,'12352',10118,1),(101181701,'ä¸‰é—¨å³¡','beijing',0,'12352',10118,1),(101181702,'çµå®','beijing',0,'12352',10118,1),(101181703,'æ¸‘æ± ','beijing',0,'12352',10118,1),(101181704,'å¢æ°','beijing',0,'12352',10118,1),(101181705,'ä¹‰é©¬','beijing',0,'12352',10118,1),(101181706,'é™•å¿','beijing',0,'12352',10118,1),(101181801,'æµæº','beijing',0,'12352',10118,1),(101190101,'å—äº¬','beijing',0,'12352',10119,1),(101190102,'æº§æ°´','beijing',0,'12352',10119,1),(101190103,'é«˜æ·³','beijing',0,'12352',10119,1),(101190104,'æ±Ÿå®','beijing',0,'12352',10119,1),(101190105,'å…­åˆ','beijing',0,'12352',10119,1),(101190106,'æ±Ÿæµ¦','beijing',0,'12352',10119,1),(101190107,'æµ¦å£','beijing',0,'12352',10119,1),(101190201,'æ— é”¡','beijing',0,'12352',10119,1),(101190202,'æ±Ÿé˜´','beijing',0,'12352',10119,1),(101190203,'å®œå…´','beijing',0,'12352',10119,1),(101190204,'é”¡å±±','beijing',0,'12352',10119,1),(101190301,'é•‡æ±Ÿ','beijing',0,'12352',10119,1),(101190302,'ä¸¹é˜³','beijing',0,'12352',10119,1),(101190303,'æ‰¬ä¸­','beijing',0,'12352',10119,1),(101190304,'å¥å®¹','beijing',0,'12352',10119,1),(101190305,'ä¸¹å¾’','beijing',0,'12352',10119,1),(101190401,'è‹å·','beijing',0,'12352',10119,1),(101190402,'å¸¸ç†Ÿ','beijing',0,'12352',10119,1),(101190403,'å¼ å®¶æ¸¯','beijing',0,'12352',10119,1),(101190404,'æ˜†å±±','beijing',0,'12352',10119,1),(101190405,'å´ä¸­','beijing',0,'12352',10119,1),(101190407,'å´æ±Ÿ','beijing',0,'12352',10119,1),(101190408,'å¤ªä»“','beijing',0,'12352',10119,1),(101190501,'å—é€š','beijing',0,'12352',10119,1),(101190502,'æµ·å®‰','beijing',0,'12352',10119,1),(101190503,'å¦‚çš‹','beijing',0,'12352',10119,1),(101190504,'å¦‚ä¸œ','beijing',0,'12352',10119,1),(101190507,'å¯ä¸œ','beijing',0,'12352',10119,1),(101190508,'æµ·é—¨','beijing',0,'12352',10119,1),(101190509,'é€šå·','beijing',0,'12352',10119,1),(101190601,'æ‰¬å·','beijing',0,'12352',10119,1),(101190602,'å®åº”','beijing',0,'12352',10119,1),(101190603,'ä»ªå¾','beijing',0,'12352',10119,1),(101190604,'é«˜é‚®','beijing',0,'12352',10119,1),(101190605,'æ±Ÿéƒ½','beijing',0,'12352',10119,1),(101190606,'é‚—æ±Ÿ','beijing',0,'12352',10119,1),(101190701,'ç›åŸ','beijing',0,'12352',10119,1),(101190702,'å“æ°´','beijing',0,'12352',10119,1),(101190703,'æ»¨æµ·','beijing',0,'12352',10119,1),(101190704,'é˜œå®','beijing',0,'12352',10119,1),(101190705,'å°„é˜³','beijing',0,'12352',10119,1),(101190706,'å»ºæ¹–','beijing',0,'12352',10119,1),(101190707,'ä¸œå°','beijing',0,'12352',10119,1),(101190708,'å¤§ä¸°','beijing',0,'12352',10119,1),(101190709,'ç›éƒ½','beijing',0,'12352',10119,1),(101190801,'å¾å·','beijing',0,'12352',10119,1),(101190802,'é“œå±±','beijing',0,'12352',10119,1),(101190803,'ä¸°å¿','beijing',0,'12352',10119,1),(101190804,'æ²›å¿','beijing',0,'12352',10119,1),(101190805,'é‚³å·','beijing',0,'12352',10119,1),(101190806,'ç¢å®','beijing',0,'12352',10119,1),(101190807,'æ–°æ²‚','beijing',0,'12352',10119,1),(101190901,'æ·®å®‰','beijing',0,'12352',10119,1),(101190902,'é‡‘æ¹–','beijing',0,'12352',10119,1),(101190903,'ç›±çœ™','beijing',0,'12352',10119,1),(101190904,'æ´ªæ³½','beijing',0,'12352',10119,1),(101190905,'æ¶Ÿæ°´','beijing',0,'12352',10119,1),(101190906,'æ·®é˜´åŒº','beijing',0,'12352',10119,1),(101190908,'æ¥šå·','beijing',0,'12352',10119,1),(101191001,'è¿äº‘æ¸¯','beijing',0,'12352',10119,1),(101191002,'ä¸œæµ·','beijing',0,'12352',10119,1),(101191003,'èµ£æ¦†','beijing',0,'12352',10119,1),(101191004,'çŒäº‘','beijing',0,'12352',10119,1),(101191005,'çŒå—','beijing',0,'12352',10119,1),(101191101,'å¸¸å·','beijing',0,'12352',10119,1),(101191102,'æº§é˜³','beijing',0,'12352',10119,1),(101191103,'é‡‘å›','beijing',0,'12352',10119,1),(101191104,'æ­¦è¿›','beijing',0,'12352',10119,1),(101191201,'æ³°å·','beijing',0,'12352',10119,1),(101191202,'å…´åŒ–','beijing',0,'12352',10119,1),(101191203,'æ³°å…´','beijing',0,'12352',10119,1),(101191204,'å§œå °','beijing',0,'12352',10119,1),(101191205,'é–æ±Ÿ','beijing',0,'12352',10119,1),(101191301,'å®¿è¿','beijing',0,'12352',10119,1),(101191302,'æ²­é˜³','beijing',0,'12352',10119,1),(101191303,'æ³—é˜³','beijing',0,'12352',10119,1),(101191304,'æ³—æ´ª','beijing',0,'12352',10119,1),(101191305,'å®¿è±«','beijing',0,'12352',10119,1),(101200101,'æ­¦æ±‰','beijing',0,'12352',10120,1),(101200102,'è”¡ç”¸','beijing',0,'12352',10120,1),(101200103,'é»„é™‚','beijing',0,'12352',10120,1),(101200104,'æ–°æ´²','beijing',0,'12352',10120,1),(101200105,'æ±Ÿå¤','beijing',0,'12352',10120,1),(101200106,'ä¸œè¥¿æ¹–','beijing',0,'12352',10120,1),(101200201,'è¥„é˜³','beijing',0,'12352',10120,1),(101200202,'è¥„å·','beijing',0,'12352',10120,1),(101200203,'ä¿åº·','beijing',0,'12352',10120,1),(101200204,'å—æ¼³','beijing',0,'12352',10120,1),(101200205,'å®œåŸ','beijing',0,'12352',10120,1),(101200206,'è€æ²³å£','beijing',0,'12352',10120,1),(101200207,'è°·åŸ','beijing',0,'12352',10120,1),(101200208,'æ£é˜³','beijing',0,'12352',10120,1),(101200301,'é„‚å·','beijing',0,'12352',10120,1),(101200302,'æ¢å­æ¹–','beijing',0,'12352',10120,1),(101200401,'å­æ„Ÿ','beijing',0,'12352',10120,1),(101200402,'å®‰é™†','beijing',0,'12352',10120,1),(101200403,'äº‘æ¢¦','beijing',0,'12352',10120,1),(101200404,'å¤§æ‚Ÿ','beijing',0,'12352',10120,1),(101200405,'åº”åŸ','beijing',0,'12352',10120,1),(101200406,'æ±‰å·','beijing',0,'12352',10120,1),(101200407,'å­æ˜Œ','beijing',0,'12352',10120,1),(101200501,'é»„å†ˆ','beijing',0,'12352',10120,1),(101200502,'çº¢å®‰','beijing',0,'12352',10120,1),(101200503,'éº»åŸ','beijing',0,'12352',10120,1),(101200504,'ç½—ç”°','beijing',0,'12352',10120,1),(101200505,'è‹±å±±','beijing',0,'12352',10120,1),(101200506,'æµ æ°´','beijing',0,'12352',10120,1),(101200507,'è•²æ˜¥','beijing',0,'12352',10120,1),(101200508,'é»„æ¢…','beijing',0,'12352',10120,1),(101200509,'æ­¦ç©´','beijing',0,'12352',10120,1),(101200510,'å›¢é£','beijing',0,'12352',10120,1),(101200601,'é»„çŸ³','beijing',0,'12352',10120,1),(101200602,'å¤§å†¶','beijing',0,'12352',10120,1),(101200603,'é˜³æ–°','beijing',0,'12352',10120,1),(101200604,'é“å±±','beijing',0,'12352',10120,1),(101200605,'ä¸‹é™†','beijing',0,'12352',10120,1),(101200606,'è¥¿å¡å±±','beijing',0,'12352',10120,1),(101200701,'å’¸å®','beijing',0,'12352',10120,1),(101200702,'èµ¤å£','beijing',0,'12352',10120,1),(101200703,'å˜‰é±¼','beijing',0,'12352',10120,1),(101200704,'å´‡é˜³','beijing',0,'12352',10120,1),(101200705,'é€šåŸ','beijing',0,'12352',10120,1),(101200706,'é€šå±±','beijing',0,'12352',10120,1),(101200801,'è†å·','beijing',0,'12352',10120,1),(101200802,'æ±Ÿé™µ','beijing',0,'12352',10120,1),(101200803,'å…¬å®‰','beijing',0,'12352',10120,1),(101200804,'çŸ³é¦–','beijing',0,'12352',10120,1),(101200805,'ç›‘åˆ©','beijing',0,'12352',10120,1),(101200806,'æ´ªæ¹–','beijing',0,'12352',10120,1),(101200807,'æ¾æ»‹','beijing',0,'12352',10120,1),(101200901,'å®œæ˜Œ','beijing',0,'12352',10120,1),(101200902,'è¿œå®‰','beijing',0,'12352',10120,1),(101200903,'ç§­å½’','beijing',0,'12352',10120,1),(101200904,'å…´å±±','beijing',0,'12352',10120,1),(101200905,'å®œæ˜Œå¿','beijing',0,'12352',10120,1),(101200906,'äº”å³°','beijing',0,'12352',10120,1),(101200907,'å½“é˜³','beijing',0,'12352',10120,1),(101200908,'é•¿é˜³','beijing',0,'12352',10120,1),(101200909,'å®œéƒ½','beijing',0,'12352',10120,1),(101200910,'ææ±Ÿ','beijing',0,'12352',10120,1),(101200911,'ä¸‰å³¡','beijing',0,'12352',10120,1),(101200912,'å¤·é™µ','beijing',0,'12352',10120,1),(101201001,'æ©æ–½','beijing',0,'12352',10120,1),(101201002,'åˆ©å·','beijing',0,'12352',10120,1),(101201003,'å»ºå§‹','beijing',0,'12352',10120,1),(101201004,'å’¸ä¸°','beijing',0,'12352',10120,1),(101201005,'å®£æ©','beijing',0,'12352',10120,1),(101201006,'é¹¤å³°','beijing',0,'12352',10120,1),(101201007,'æ¥å‡¤','beijing',0,'12352',10120,1),(101201008,'å·´ä¸œ','beijing',0,'12352',10120,1),(101201101,'åå °','beijing',0,'12352',10120,1),(101201102,'ç«¹æºª','beijing',0,'12352',10120,1),(101201103,'éƒ§è¥¿','beijing',0,'12352',10120,1),(101201104,'éƒ§å¿','beijing',0,'12352',10120,1),(101201105,'ç«¹å±±','beijing',0,'12352',10120,1),(101201106,'æˆ¿å¿','beijing',0,'12352',10120,1),(101201107,'ä¸¹æ±Ÿå£','beijing',0,'12352',10120,1),(101201108,'èŒ…ç®­','beijing',0,'12352',10120,1),(101201109,'å¼ æ¹¾','beijing',0,'12352',10120,1),(101201201,'ç¥å†œæ¶','beijing',0,'12352',10120,1),(101201301,'éšå·','beijing',0,'12352',10120,1),(101201302,'å¹¿æ°´','beijing',0,'12352',10120,1),(101201401,'è†é—¨','beijing',0,'12352',10120,1),(101201402,'é’Ÿç¥¥','beijing',0,'12352',10120,1),(101201403,'äº¬å±±','beijing',0,'12352',10120,1),(101201404,'æ‡åˆ€','beijing',0,'12352',10120,1),(101201405,'æ²™æ´‹','beijing',0,'12352',10120,1),(101201406,'æ²™å¸‚','beijing',0,'12352',10120,1),(101201501,'å¤©é—¨','beijing',0,'12352',10120,1),(101201601,'ä»™æ¡ƒ','beijing',0,'12352',10120,1),(101201701,'æ½œæ±Ÿ','beijing',0,'12352',10120,1),(101210101,'æ­å·','beijing',0,'12352',10121,1),(101210102,'è§å±±','beijing',0,'12352',10121,1),(101210103,'æ¡åº','beijing',0,'12352',10121,1),(101210104,'æ·³å®‰','beijing',0,'12352',10121,1),(101210105,'å»ºå¾·','beijing',0,'12352',10121,1),(101210106,'ä½™æ­','beijing',0,'12352',10121,1),(101210107,'ä¸´å®‰','beijing',0,'12352',10121,1),(101210108,'å¯Œé˜³','beijing',0,'12352',10121,1),(101210201,'æ¹–å·','beijing',0,'12352',10121,1),(101210202,'é•¿å…´','beijing',0,'12352',10121,1),(101210203,'å®‰å‰','beijing',0,'12352',10121,1),(101210204,'å¾·æ¸…','beijing',0,'12352',10121,1),(101210301,'å˜‰å…´','beijing',0,'12352',10121,1),(101210302,'å˜‰å–„','beijing',0,'12352',10121,1),(101210303,'æµ·å®','beijing',0,'12352',10121,1),(101210304,'æ¡ä¹¡','beijing',0,'12352',10121,1),(101210305,'å¹³æ¹–','beijing',0,'12352',10121,1),(101210306,'æµ·ç›','beijing',0,'12352',10121,1),(101210401,'å®æ³¢','beijing',0,'12352',10121,1),(101210403,'æ…ˆæºª','beijing',0,'12352',10121,1),(101210404,'ä½™å§š','beijing',0,'12352',10121,1),(101210405,'å¥‰åŒ–','beijing',0,'12352',10121,1),(101210406,'è±¡å±±','beijing',0,'12352',10121,1),(101210408,'å®æµ·','beijing',0,'12352',10121,1),(101210410,'åŒ—ä»‘','beijing',0,'12352',10121,1),(101210411,'é„å·','beijing',0,'12352',10121,1),(101210412,'é•‡æµ·','beijing',0,'12352',10121,1),(101210501,'ç»å…´','beijing',0,'12352',10121,1),(101210502,'è¯¸æš¨','beijing',0,'12352',10121,1),(101210503,'ä¸Šè™','beijing',0,'12352',10121,1),(101210504,'æ–°æ˜Œ','beijing',0,'12352',10121,1),(101210505,'åµŠå·','beijing',0,'12352',10121,1),(101210601,'å°å·','beijing',0,'12352',10121,1),(101210603,'ç‰ç¯','beijing',0,'12352',10121,1),(101210604,'ä¸‰é—¨','beijing',0,'12352',10121,1),(101210605,'å¤©å°','beijing',0,'12352',10121,1),(101210606,'ä»™å±…','beijing',0,'12352',10121,1),(101210607,'æ¸©å²­','beijing',0,'12352',10121,1),(101210609,'æ´ªå®¶','beijing',0,'12352',10121,1),(101210610,'ä¸´æµ·','beijing',0,'12352',10121,1),(101210611,'æ¤’æ±Ÿ','beijing',0,'12352',10121,1),(101210612,'é»„å²©','beijing',0,'12352',10121,1),(101210613,'è·¯æ¡¥','beijing',0,'12352',10121,1),(101210701,'æ¸©å·','beijing',0,'12352',10121,1),(101210702,'æ³°é¡º','beijing',0,'12352',10121,1),(101210703,'æ–‡æˆ','beijing',0,'12352',10121,1),(101210704,'å¹³é˜³','beijing',0,'12352',10121,1),(101210705,'ç‘å®‰','beijing',0,'12352',10121,1),(101210706,'æ´å¤´','beijing',0,'12352',10121,1),(101210707,'ä¹æ¸…','beijing',0,'12352',10121,1),(101210708,'æ°¸å˜‰','beijing',0,'12352',10121,1),(101210709,'è‹å—','beijing',0,'12352',10121,1),(101210801,'ä¸½æ°´','beijing',0,'12352',10121,1),(101210802,'é‚æ˜Œ','beijing',0,'12352',10121,1),(101210803,'é¾™æ³‰','beijing',0,'12352',10121,1),(101210804,'ç¼™äº‘','beijing',0,'12352',10121,1),(101210805,'é’ç”°','beijing',0,'12352',10121,1),(101210806,'äº‘å’Œ','beijing',0,'12352',10121,1),(101210807,'åº†å…ƒ','beijing',0,'12352',10121,1),(101210808,'æ¾é˜³','beijing',0,'12352',10121,1),(101210809,'æ™¯å®','beijing',0,'12352',10121,1),(101210901,'é‡‘å','beijing',0,'12352',10121,1),(101210902,'æµ¦æ±Ÿ','beijing',0,'12352',10121,1),(101210903,'å…°æºª','beijing',0,'12352',10121,1),(101210904,'ä¹‰ä¹Œ','beijing',0,'12352',10121,1),(101210905,'ä¸œé˜³','beijing',0,'12352',10121,1),(101210906,'æ­¦ä¹‰','beijing',0,'12352',10121,1),(101210907,'æ°¸åº·','beijing',0,'12352',10121,1),(101210908,'ç£å®‰','beijing',0,'12352',10121,1),(101211001,'è¡¢å·','beijing',0,'12352',10121,1),(101211002,'å¸¸å±±','beijing',0,'12352',10121,1),(101211003,'å¼€åŒ–','beijing',0,'12352',10121,1),(101211004,'é¾™æ¸¸','beijing',0,'12352',10121,1),(101211005,'æ±Ÿå±±','beijing',0,'12352',10121,1),(101211006,'è¡¢æ±Ÿ','beijing',0,'12352',10121,1),(101211101,'èˆŸå±±','beijing',0,'12352',10121,1),(101211102,'åµŠæ³—','beijing',0,'12352',10121,1),(101211104,'å²±å±±','beijing',0,'12352',10121,1),(101211105,'æ™®é™€','beijing',0,'12352',10121,1),(101211106,'å®šæµ·','beijing',0,'12352',10121,1),(101220101,'åˆè‚¥','beijing',0,'12352',10122,1),(101220102,'é•¿ä¸°','beijing',0,'12352',10122,1),(101220103,'è‚¥ä¸œ','beijing',0,'12352',10122,1),(101220104,'è‚¥è¥¿','beijing',0,'12352',10122,1),(101220201,'èšŒåŸ ','beijing',0,'12352',10122,1),(101220202,'æ€€è¿œ','beijing',0,'12352',10122,1),(101220203,'å›ºé•‡','beijing',0,'12352',10122,1),(101220204,'äº”æ²³','beijing',0,'12352',10122,1),(101220301,'èŠœæ¹–','beijing',0,'12352',10122,1),(101220302,'ç¹æ˜Œ','beijing',0,'12352',10122,1),(101220303,'èŠœæ¹–å¿','beijing',0,'12352',10122,1),(101220304,'å—é™µ','beijing',0,'12352',10122,1),(101220401,'æ·®å—','beijing',0,'12352',10122,1),(101220402,'å‡¤å°','beijing',0,'12352',10122,1),(101220403,'æ½˜é›†','beijing',0,'12352',10122,1),(101220501,'é©¬éå±±','beijing',0,'12352',10122,1),(101220502,'å½“æ¶‚','beijing',0,'12352',10122,1),(101220601,'å®‰åº†','beijing',0,'12352',10122,1),(101220602,'æé˜³','beijing',0,'12352',10122,1),(101220603,'å¤ªæ¹–','beijing',0,'12352',10122,1),(101220604,'æ½œå±±','beijing',0,'12352',10122,1),(101220605,'æ€€å®','beijing',0,'12352',10122,1),(101220606,'å®¿æ¾','beijing',0,'12352',10122,1),(101220607,'æœ›æ±Ÿ','beijing',0,'12352',10122,1),(101220608,'å²³è¥¿','beijing',0,'12352',10122,1),(101220609,'æ¡åŸ','beijing',0,'12352',10122,1),(101220701,'å®¿å·','beijing',0,'12352',10122,1),(101220702,'ç €å±±','beijing',0,'12352',10122,1),(101220703,'çµç’§','beijing',0,'12352',10122,1),(101220704,'æ³—å¿','beijing',0,'12352',10122,1),(101220705,'è§å¿','beijing',0,'12352',10122,1),(101220801,'é˜œé˜³','beijing',0,'12352',10122,1),(101220802,'é˜œå—','beijing',0,'12352',10122,1),(101220803,'é¢ä¸Š','beijing',0,'12352',10122,1),(101220804,'ä¸´æ³‰','beijing',0,'12352',10122,1),(101220805,'ç•Œé¦–','beijing',0,'12352',10122,1),(101220806,'å¤ªå’Œ','beijing',0,'12352',10122,1),(101220901,'äº³å·','beijing',0,'12352',10122,1),(101220902,'æ¶¡é˜³','beijing',0,'12352',10122,1),(101220903,'åˆ©è¾›','beijing',0,'12352',10122,1),(101220904,'è’™åŸ','beijing',0,'12352',10122,1),(101221001,'é»„å±±','beijing',0,'12352',10122,1),(101221002,'é»„å±±åŒº','beijing',0,'12352',10122,1),(101221003,'å±¯æºª','beijing',0,'12352',10122,1),(101221004,'ç¥é—¨','beijing',0,'12352',10122,1),(101221005,'é»Ÿå¿','beijing',0,'12352',10122,1),(101221006,'æ­™å¿','beijing',0,'12352',10122,1),(101221007,'ä¼‘å®','beijing',0,'12352',10122,1),(101221008,'é»„å±±å¸‚','beijing',0,'12352',10122,1),(101221101,'æ»å·','beijing',0,'12352',10122,1),(101221102,'å‡¤é˜³','beijing',0,'12352',10122,1),(101221103,'æ˜å…‰','beijing',0,'12352',10122,1),(101221104,'å®šè¿œ','beijing',0,'12352',10122,1),(101221105,'å…¨æ¤’','beijing',0,'12352',10122,1),(101221106,'æ¥å®‰','beijing',0,'12352',10122,1),(101221107,'å¤©é•¿','beijing',0,'12352',10122,1),(101221201,'æ·®åŒ—','beijing',0,'12352',10122,1),(101221202,'æ¿‰æºª','beijing',0,'12352',10122,1),(101221301,'é“œé™µ','beijing',0,'12352',10122,1),(101221401,'å®£åŸ','beijing',0,'12352',10122,1),(101221402,'æ³¾å¿','beijing',0,'12352',10122,1),(101221403,'æ—Œå¾·','beijing',0,'12352',10122,1),(101221404,'å®å›½','beijing',0,'12352',10122,1),(101221405,'ç»©æºª','beijing',0,'12352',10122,1),(101221406,'å¹¿å¾·','beijing',0,'12352',10122,1),(101221407,'éƒæºª','beijing',0,'12352',10122,1),(101221501,'å…­å®‰','beijing',0,'12352',10122,1),(101221502,'éœé‚±','beijing',0,'12352',10122,1),(101221503,'å¯¿å¿','beijing',0,'12352',10122,1),(101221505,'é‡‘å¯¨','beijing',0,'12352',10122,1),(101221506,'éœå±±','beijing',0,'12352',10122,1),(101221507,'èˆ’åŸ','beijing',0,'12352',10122,1),(101221601,'å·¢æ¹–','beijing',0,'12352',10122,1),(101221602,'åºæ±Ÿ','beijing',0,'12352',10122,1),(101221603,'æ— ä¸º','beijing',0,'12352',10122,1),(101221604,'å«å±±','beijing',0,'12352',10122,1),(101221605,'å’Œå¿','beijing',0,'12352',10122,1),(101221701,'æ± å·','beijing',0,'12352',10122,1),(101221702,'ä¸œè‡³','beijing',0,'12352',10122,1),(101221703,'é’é˜³','beijing',0,'12352',10122,1),(101221704,'ä¹åå±±','beijing',0,'12352',10122,1),(101221705,'çŸ³å°','beijing',0,'12352',10122,1),(101230101,'ç¦å·','beijing',0,'12352',10123,1),(101230102,'é—½æ¸…','beijing',0,'12352',10123,1),(101230103,'é—½ä¾¯','beijing',0,'12352',10123,1),(101230104,'ç½—æº','beijing',0,'12352',10123,1),(101230105,'è¿æ±Ÿ','beijing',0,'12352',10123,1),(101230107,'æ°¸æ³°','beijing',0,'12352',10123,1),(101230108,'å¹³æ½­','beijing',0,'12352',10123,1),(101230110,'é•¿ä¹','beijing',0,'12352',10123,1),(101230111,'ç¦æ¸…','beijing',0,'12352',10123,1),(101230201,'å¦é—¨','beijing',0,'12352',10123,1),(101230202,'åŒå®‰','beijing',0,'12352',10123,1),(101230301,'å®å¾·','beijing',0,'12352',10123,1),(101230302,'å¤ç”°','beijing',0,'12352',10123,1),(101230303,'éœæµ¦','beijing',0,'12352',10123,1),(101230304,'å¯¿å®','beijing',0,'12352',10123,1),(101230305,'å‘¨å®','beijing',0,'12352',10123,1),(101230306,'ç¦å®‰','beijing',0,'12352',10123,1),(101230307,'æŸ˜è£','beijing',0,'12352',10123,1),(101230308,'ç¦é¼','beijing',0,'12352',10123,1),(101230309,'å±å—','beijing',0,'12352',10123,1),(101230401,'è†ç”°','beijing',0,'12352',10123,1),(101230402,'ä»™æ¸¸','beijing',0,'12352',10123,1),(101230403,'ç§€å±¿æ¸¯','beijing',0,'12352',10123,1),(101230404,'æ¶µæ±Ÿ','beijing',0,'12352',10123,1),(101230405,'ç§€å±¿','beijing',0,'12352',10123,1),(101230406,'è”åŸ','beijing',0,'12352',10123,1),(101230407,'åŸå¢','beijing',0,'12352',10123,1),(101230501,'æ³‰å·','beijing',0,'12352',10123,1),(101230502,'å®‰æºª','beijing',0,'12352',10123,1),(101230504,'æ°¸æ˜¥','beijing',0,'12352',10123,1),(101230505,'å¾·åŒ–','beijing',0,'12352',10123,1),(101230506,'å—å®‰','beijing',0,'12352',10123,1),(101230507,'å´‡æ­¦','beijing',0,'12352',10123,1),(101230508,'æƒ å®‰','beijing',0,'12352',10123,1),(101230509,'æ™‹æ±Ÿ','beijing',0,'12352',10123,1),(101230510,'çŸ³ç‹®','beijing',0,'12352',10123,1),(101230601,'æ¼³å·','beijing',0,'12352',10123,1),(101230602,'é•¿æ³°','beijing',0,'12352',10123,1),(101230603,'å—é–','beijing',0,'12352',10123,1),(101230604,'å¹³å’Œ','beijing',0,'12352',10123,1),(101230605,'é¾™æµ·','beijing',0,'12352',10123,1),(101230606,'æ¼³æµ¦','beijing',0,'12352',10123,1),(101230607,'è¯å®‰','beijing',0,'12352',10123,1),(101230608,'ä¸œå±±','beijing',0,'12352',10123,1),(101230609,'äº‘éœ„','beijing',0,'12352',10123,1),(101230610,'åå®‰','beijing',0,'12352',10123,1),(101230701,'é¾™å²©','beijing',0,'12352',10123,1),(101230702,'é•¿æ±€','beijing',0,'12352',10123,1),(101230703,'è¿åŸ','beijing',0,'12352',10123,1),(101230704,'æ­¦å¹³','beijing',0,'12352',10123,1),(101230705,'ä¸Šæ­','beijing',0,'12352',10123,1),(101230706,'æ°¸å®š','beijing',0,'12352',10123,1),(101230707,'æ¼³å¹³','beijing',0,'12352',10123,1),(101230801,'ä¸‰æ˜','beijing',0,'12352',10123,1),(101230802,'å®åŒ–','beijing',0,'12352',10123,1),(101230803,'æ¸…æµ','beijing',0,'12352',10123,1),(101230804,'æ³°å®','beijing',0,'12352',10123,1),(101230805,'å°†ä¹','beijing',0,'12352',10123,1),(101230806,'å»ºå®','beijing',0,'12352',10123,1),(101230807,'æ˜æºª','beijing',0,'12352',10123,1),(101230808,'æ²™å¿','beijing',0,'12352',10123,1),(101230809,'å°¤æºª','beijing',0,'12352',10123,1),(101230810,'æ°¸å®‰','beijing',0,'12352',10123,1),(101230811,'å¤§ç”°','beijing',0,'12352',10123,1),(101230901,'å—å¹³','beijing',0,'12352',10123,1),(101230902,'é¡ºæ˜Œ','beijing',0,'12352',10123,1),(101230903,'å…‰æ³½','beijing',0,'12352',10123,1),(101230904,'é‚µæ­¦','beijing',0,'12352',10123,1),(101230905,'æ­¦å¤·å±±','beijing',0,'12352',10123,1),(101230906,'æµ¦åŸ','beijing',0,'12352',10123,1),(101230907,'å»ºé˜³','beijing',0,'12352',10123,1),(101230908,'æ¾æºª','beijing',0,'12352',10123,1),(101230909,'æ”¿å’Œ','beijing',0,'12352',10123,1),(101230910,'å»ºç“¯','beijing',0,'12352',10123,1),(101240101,'å—æ˜Œ','beijing',0,'12352',10124,1),(101240102,'æ–°å»º','beijing',0,'12352',10124,1),(101240103,'å—æ˜Œå¿','beijing',0,'12352',10124,1),(101240104,'å®‰ä¹‰','beijing',0,'12352',10124,1),(101240105,'è¿›è´¤','beijing',0,'12352',10124,1),(101240201,'ä¹æ±Ÿ','beijing',0,'12352',10124,1),(101240202,'ç‘æ˜Œ','beijing',0,'12352',10124,1),(101240203,'åºå±±','beijing',0,'12352',10124,1),(101240204,'æ­¦å®','beijing',0,'12352',10124,1),(101240205,'å¾·å®‰','beijing',0,'12352',10124,1),(101240206,'æ°¸ä¿®','beijing',0,'12352',10124,1),(101240207,'æ¹–å£','beijing',0,'12352',10124,1),(101240208,'å½­æ³½','beijing',0,'12352',10124,1),(101240209,'æ˜Ÿå­','beijing',0,'12352',10124,1),(101240210,'éƒ½æ˜Œ','beijing',0,'12352',10124,1),(101240212,'ä¿®æ°´','beijing',0,'12352',10124,1),(101240301,'ä¸Šé¥¶','beijing',0,'12352',10124,1),(101240302,'é„±é˜³','beijing',0,'12352',10124,1),(101240303,'å©ºæº','beijing',0,'12352',10124,1),(101240305,'ä½™å¹²','beijing',0,'12352',10124,1),(101240306,'ä¸‡å¹´','beijing',0,'12352',10124,1),(101240307,'å¾·å…´','beijing',0,'12352',10124,1),(101240308,'ä¸Šé¥¶å¿','beijing',0,'12352',10124,1),(101240309,'å¼‹é˜³','beijing',0,'12352',10124,1),(101240310,'æ¨ªå³°','beijing',0,'12352',10124,1),(101240311,'é“…å±±','beijing',0,'12352',10124,1),(101240312,'ç‰å±±','beijing',0,'12352',10124,1),(101240313,'å¹¿ä¸°','beijing',0,'12352',10124,1),(101240401,'æŠšå·','beijing',0,'12352',10124,1),(101240402,'å¹¿æ˜Œ','beijing',0,'12352',10124,1),(101240403,'ä¹å®‰','beijing',0,'12352',10124,1),(101240404,'å´‡ä»','beijing',0,'12352',10124,1),(101240405,'é‡‘æºª','beijing',0,'12352',10124,1),(101240406,'èµ„æºª','beijing',0,'12352',10124,1),(101240407,'å®œé»„','beijing',0,'12352',10124,1),(101240408,'å—åŸ','beijing',0,'12352',10124,1),(101240409,'å—ä¸°','beijing',0,'12352',10124,1),(101240410,'é»å·','beijing',0,'12352',10124,1),(101240411,'ä¸œä¹¡','beijing',0,'12352',10124,1),(101240501,'å®œæ˜¥','beijing',0,'12352',10124,1),(101240502,'é“œé¼“','beijing',0,'12352',10124,1),(101240503,'å®œä¸°','beijing',0,'12352',10124,1),(101240504,'ä¸‡è½½','beijing',0,'12352',10124,1),(101240505,'ä¸Šé«˜','beijing',0,'12352',10124,1),(101240506,'é–å®‰','beijing',0,'12352',10124,1),(101240507,'å¥‰æ–°','beijing',0,'12352',10124,1),(101240508,'é«˜å®‰','beijing',0,'12352',10124,1),(101240509,'æ¨Ÿæ ‘','beijing',0,'12352',10124,1),(101240510,'ä¸°åŸ','beijing',0,'12352',10124,1),(101240601,'å‰å®‰','beijing',0,'12352',10124,1),(101240602,'å‰å®‰å¿','beijing',0,'12352',10124,1),(101240603,'å‰æ°´','beijing',0,'12352',10124,1),(101240604,'æ–°å¹²','beijing',0,'12352',10124,1),(101240605,'å³¡æ±Ÿ','beijing',0,'12352',10124,1),(101240606,'æ°¸ä¸°','beijing',0,'12352',10124,1),(101240607,'æ°¸æ–°','beijing',0,'12352',10124,1),(101240608,'äº•å†ˆå±±','beijing',0,'12352',10124,1),(101240609,'ä¸‡å®‰','beijing',0,'12352',10124,1),(101240610,'é‚å·','beijing',0,'12352',10124,1),(101240611,'æ³°å’Œ','beijing',0,'12352',10124,1),(101240612,'å®‰ç¦','beijing',0,'12352',10124,1),(101240613,'å®å†ˆ','beijing',0,'12352',10124,1),(101240701,'èµ£å·','beijing',0,'12352',10124,1),(101240702,'å´‡ä¹‰','beijing',0,'12352',10124,1),(101240703,'ä¸ŠçŠ¹','beijing',0,'12352',10124,1),(101240704,'å—åº·','beijing',0,'12352',10124,1),(101240705,'å¤§ä½™','beijing',0,'12352',10124,1),(101240706,'ä¿¡ä¸°','beijing',0,'12352',10124,1),(101240707,'å®éƒ½','beijing',0,'12352',10124,1),(101240708,'çŸ³åŸ','beijing',0,'12352',10124,1),(101240709,'ç‘é‡‘','beijing',0,'12352',10124,1),(101240710,'äºéƒ½','beijing',0,'12352',10124,1),(101240711,'ä¼šæ˜Œ','beijing',0,'12352',10124,1),(101240712,'å®‰è¿œ','beijing',0,'12352',10124,1),(101240713,'å…¨å—','beijing',0,'12352',10124,1),(101240714,'é¾™å—','beijing',0,'12352',10124,1),(101240715,'å®šå—','beijing',0,'12352',10124,1),(101240716,'å¯»ä¹Œ','beijing',0,'12352',10124,1),(101240717,'å…´å›½','beijing',0,'12352',10124,1),(101240718,'èµ£å¿','beijing',0,'12352',10124,1),(101240801,'æ™¯å¾·é•‡','beijing',0,'12352',10124,1),(101240802,'ä¹å¹³','beijing',0,'12352',10124,1),(101240803,'æµ®æ¢','beijing',0,'12352',10124,1),(101240901,'èä¹¡','beijing',0,'12352',10124,1),(101240902,'è²èŠ±','beijing',0,'12352',10124,1),(101240903,'ä¸Šæ —','beijing',0,'12352',10124,1),(101240904,'å®‰æº','beijing',0,'12352',10124,1),(101240905,'èŠ¦æºª','beijing',0,'12352',10124,1),(101240906,'æ¹˜ä¸œ','beijing',0,'12352',10124,1),(101241001,'æ–°ä½™','beijing',0,'12352',10124,1),(101241002,'åˆ†å®œ','beijing',0,'12352',10124,1),(101241101,'é¹°æ½­','beijing',0,'12352',10124,1),(101241102,'ä½™æ±Ÿ','beijing',0,'12352',10124,1),(101241103,'è´µæºª','beijing',0,'12352',10124,1),(101250101,'é•¿æ²™','beijing',0,'12352',10125,1),(101250102,'å®ä¹¡','beijing',0,'12352',10125,1),(101250103,'æµé˜³','beijing',0,'12352',10125,1),(101250104,'é©¬å¡å²­','beijing',0,'12352',10125,1),(101250105,'æœ›åŸ','beijing',0,'12352',10125,1),(101250201,'æ¹˜æ½­','beijing',0,'12352',10125,1),(101250202,'éŸ¶å±±','beijing',0,'12352',10125,1),(101250203,'æ¹˜ä¹¡','beijing',0,'12352',10125,1),(101250301,'æ ªæ´²','beijing',0,'12352',10125,1),(101250302,'æ”¸å¿','beijing',0,'12352',10125,1),(101250303,'é†´é™µ','beijing',0,'12352',10125,1),(101250305,'èŒ¶é™µ','beijing',0,'12352',10125,1),(101250306,'ç‚é™µ','beijing',0,'12352',10125,1),(101250401,'è¡¡é˜³','beijing',0,'12352',10125,1),(101250402,'è¡¡å±±','beijing',0,'12352',10125,1),(101250403,'è¡¡ä¸œ','beijing',0,'12352',10125,1),(101250404,'ç¥ä¸œ','beijing',0,'12352',10125,1),(101250405,'è¡¡é˜³å¿','beijing',0,'12352',10125,1),(101250406,'å¸¸å®','beijing',0,'12352',10125,1),(101250407,'è¡¡å—','beijing',0,'12352',10125,1),(101250408,'è€’é˜³','beijing',0,'12352',10125,1),(101250409,'å—å²³','beijing',0,'12352',10125,1),(101250501,'éƒ´å·','beijing',0,'12352',10125,1),(101250502,'æ¡‚é˜³','beijing',0,'12352',10125,1),(101250503,'å˜‰ç¦¾','beijing',0,'12352',10125,1),(101250504,'å®œç« ','beijing',0,'12352',10125,1),(101250505,'ä¸´æ­¦','beijing',0,'12352',10125,1),(101250507,'èµ„å…´','beijing',0,'12352',10125,1),(101250508,'æ±åŸ','beijing',0,'12352',10125,1),(101250509,'å®‰ä»','beijing',0,'12352',10125,1),(101250510,'æ°¸å…´','beijing',0,'12352',10125,1),(101250511,'æ¡‚ä¸œ','beijing',0,'12352',10125,1),(101250512,'è‹ä»™','beijing',0,'12352',10125,1),(101250601,'å¸¸å¾·','beijing',0,'12352',10125,1),(101250602,'å®‰ä¹¡','beijing',0,'12352',10125,1),(101250603,'æ¡ƒæº','beijing',0,'12352',10125,1),(101250604,'æ±‰å¯¿','beijing',0,'12352',10125,1),(101250605,'æ¾§å¿','beijing',0,'12352',10125,1),(101250606,'ä¸´æ¾§','beijing',0,'12352',10125,1),(101250607,'çŸ³é—¨','beijing',0,'12352',10125,1),(101250608,'æ´¥å¸‚','beijing',0,'12352',10125,1),(101250700,'ç›Šé˜³','beijing',0,'12352',10125,1),(101250701,'èµ«å±±åŒº','beijing',0,'12352',10125,1),(101250702,'å—å¿','beijing',0,'12352',10125,1),(101250703,'æ¡ƒæ±Ÿ','beijing',0,'12352',10125,1),(101250704,'å®‰åŒ–','beijing',0,'12352',10125,1),(101250705,'æ²…æ±Ÿ','beijing',0,'12352',10125,1),(101250801,'å¨„åº•','beijing',0,'12352',10125,1),(101250802,'åŒå³°','beijing',0,'12352',10125,1),(101250803,'å†·æ°´æ±Ÿ','beijing',0,'12352',10125,1),(101250805,'æ–°åŒ–','beijing',0,'12352',10125,1),(101250806,'æ¶Ÿæº','beijing',0,'12352',10125,1),(101250901,'é‚µé˜³','beijing',0,'12352',10125,1),(101250902,'éš†å›','beijing',0,'12352',10125,1),(101250903,'æ´å£','beijing',0,'12352',10125,1),(101250904,'æ–°é‚µ','beijing',0,'12352',10125,1),(101250905,'é‚µä¸œ','beijing',0,'12352',10125,1),(101250906,'ç»¥å®','beijing',0,'12352',10125,1),(101250907,'æ–°å®','beijing',0,'12352',10125,1),(101250908,'æ­¦å†ˆ','beijing',0,'12352',10125,1),(101250909,'åŸæ­¥','beijing',0,'12352',10125,1),(101250910,'é‚µé˜³å¿','beijing',0,'12352',10125,1),(101251001,'å²³é˜³','beijing',0,'12352',10125,1),(101251002,'åå®¹','beijing',0,'12352',10125,1),(101251003,'æ¹˜é˜´','beijing',0,'12352',10125,1),(101251004,'æ±¨ç½—','beijing',0,'12352',10125,1),(101251005,'å¹³æ±Ÿ','beijing',0,'12352',10125,1),(101251006,'ä¸´æ¹˜','beijing',0,'12352',10125,1),(101251101,'å¼ å®¶ç•Œ','beijing',0,'12352',10125,1),(101251102,'æ¡‘æ¤','beijing',0,'12352',10125,1),(101251103,'æ…ˆåˆ©','beijing',0,'12352',10125,1),(101251104,'æ­¦é™µæº','beijing',0,'12352',10125,1),(101251201,'æ€€åŒ–','beijing',0,'12352',10125,1),(101251203,'æ²…é™µ','beijing',0,'12352',10125,1),(101251204,'è¾°æºª','beijing',0,'12352',10125,1),(101251205,'é–å·','beijing',0,'12352',10125,1),(101251206,'ä¼šåŒ','beijing',0,'12352',10125,1),(101251207,'é€šé“','beijing',0,'12352',10125,1),(101251208,'éº»é˜³','beijing',0,'12352',10125,1),(101251209,'æ–°æ™ƒ','beijing',0,'12352',10125,1),(101251210,'èŠ·æ±Ÿ','beijing',0,'12352',10125,1),(101251211,'æº†æµ¦','beijing',0,'12352',10125,1),(101251212,'ä¸­æ–¹','beijing',0,'12352',10125,1),(101251213,'æ´ªæ±Ÿ','beijing',0,'12352',10125,1),(101251401,'æ°¸å·','beijing',0,'12352',10125,1),(101251402,'ç¥é˜³','beijing',0,'12352',10125,1),(101251403,'ä¸œå®‰','beijing',0,'12352',10125,1),(101251404,'åŒç‰Œ','beijing',0,'12352',10125,1),(101251405,'é“å¿','beijing',0,'12352',10125,1),(101251406,'å®è¿œ','beijing',0,'12352',10125,1),(101251407,'æ±Ÿæ°¸','beijing',0,'12352',10125,1),(101251408,'è“å±±','beijing',0,'12352',10125,1),(101251409,'æ–°ç”°','beijing',0,'12352',10125,1),(101251410,'æ±Ÿå','beijing',0,'12352',10125,1),(101251411,'å†·æ°´æ»©','beijing',0,'12352',10125,1),(101251501,'å‰é¦–','beijing',0,'12352',10125,1),(101251502,'ä¿é–','beijing',0,'12352',10125,1),(101251503,'æ°¸é¡º','beijing',0,'12352',10125,1),(101251504,'å¤ä¸ˆ','beijing',0,'12352',10125,1),(101251505,'å‡¤å‡°','beijing',0,'12352',10125,1),(101251506,'æ³¸æºª','beijing',0,'12352',10125,1),(101251507,'é¾™å±±','beijing',0,'12352',10125,1),(101251508,'èŠ±å£','beijing',0,'12352',10125,1),(101260101,'è´µé˜³','beijing',0,'12352',10126,1),(101260102,'ç™½äº‘','beijing',0,'12352',10126,1),(101260103,'èŠ±æºª','beijing',0,'12352',10126,1),(101260104,'ä¹Œå½“','beijing',0,'12352',10126,1),(101260105,'æ¯çƒ½','beijing',0,'12352',10126,1),(101260106,'å¼€é˜³','beijing',0,'12352',10126,1),(101260107,'ä¿®æ–‡','beijing',0,'12352',10126,1),(101260108,'æ¸…é•‡','beijing',0,'12352',10126,1),(101260109,'å°æ²³','beijing',0,'12352',10126,1),(101260110,'äº‘å²©','beijing',0,'12352',10126,1),(101260111,'å—æ˜','beijing',0,'12352',10126,1),(101260201,'éµä¹‰','beijing',0,'12352',10126,1),(101260202,'éµä¹‰å¿','beijing',0,'12352',10126,1),(101260203,'ä»æ€€','beijing',0,'12352',10126,1),(101260204,'ç»¥é˜³','beijing',0,'12352',10126,1),(101260205,'æ¹„æ½­','beijing',0,'12352',10126,1),(101260206,'å‡¤å†ˆ','beijing',0,'12352',10126,1),(101260207,'æ¡æ¢“','beijing',0,'12352',10126,1),(101260208,'èµ¤æ°´','beijing',0,'12352',10126,1),(101260209,'ä¹ æ°´','beijing',0,'12352',10126,1),(101260210,'é“çœŸ','beijing',0,'12352',10126,1),(101260211,'æ­£å®‰','beijing',0,'12352',10126,1),(101260212,'åŠ¡å·','beijing',0,'12352',10126,1),(101260213,'ä½™åº†','beijing',0,'12352',10126,1),(101260214,'æ±‡å·','beijing',0,'12352',10126,1),(101260215,'çº¢èŠ±å²—','beijing',0,'12352',10126,1),(101260301,'å®‰é¡º','beijing',0,'12352',10126,1),(101260302,'æ™®å®š','beijing',0,'12352',10126,1),(101260303,'é•‡å®','beijing',0,'12352',10126,1),(101260304,'å¹³å','beijing',0,'12352',10126,1),(101260305,'ç´«äº‘','beijing',0,'12352',10126,1),(101260306,'å…³å²­','beijing',0,'12352',10126,1),(101260401,'éƒ½åŒ€','beijing',0,'12352',10126,1),(101260402,'è´µå®š','beijing',0,'12352',10126,1),(101260403,'ç“®å®‰','beijing',0,'12352',10126,1),(101260404,'é•¿é¡º','beijing',0,'12352',10126,1),(101260405,'ç¦æ³‰','beijing',0,'12352',10126,1),(101260406,'æƒ æ°´','beijing',0,'12352',10126,1),(101260407,'é¾™é‡Œ','beijing',0,'12352',10126,1),(101260408,'ç½—ç”¸','beijing',0,'12352',10126,1),(101260409,'å¹³å¡˜','beijing',0,'12352',10126,1),(101260410,'ç‹¬å±±','beijing',0,'12352',10126,1),(101260411,'ä¸‰éƒ½','beijing',0,'12352',10126,1),(101260412,'è”æ³¢','beijing',0,'12352',10126,1),(101260501,'å‡¯é‡Œ','beijing',0,'12352',10126,1),(101260502,'å²‘å·©','beijing',0,'12352',10126,1),(101260503,'æ–½ç§‰','beijing',0,'12352',10126,1),(101260504,'é•‡è¿œ','beijing',0,'12352',10126,1),(101260505,'é»„å¹³','beijing',0,'12352',10126,1),(101260507,'éº»æ±Ÿ','beijing',0,'12352',10126,1),(101260508,'ä¸¹å¯¨','beijing',0,'12352',10126,1),(101260509,'ä¸‰ç©—','beijing',0,'12352',10126,1),(101260510,'å°æ±Ÿ','beijing',0,'12352',10126,1),(101260511,'å‰‘æ²³','beijing',0,'12352',10126,1),(101260512,'é›·å±±','beijing',0,'12352',10126,1),(101260513,'é»å¹³','beijing',0,'12352',10126,1),(101260514,'å¤©æŸ±','beijing',0,'12352',10126,1),(101260515,'é”¦å±','beijing',0,'12352',10126,1),(101260516,'æ¦•æ±Ÿ','beijing',0,'12352',10126,1),(101260517,'ä»æ±Ÿ','beijing',0,'12352',10126,1),(101260601,'é“œä»','beijing',0,'12352',10126,1),(101260602,'æ±Ÿå£','beijing',0,'12352',10126,1),(101260603,'ç‰å±','beijing',0,'12352',10126,1),(101260604,'ä¸‡å±±','beijing',0,'12352',10126,1),(101260605,'æ€å—','beijing',0,'12352',10126,1),(101260607,'å°æ±Ÿ','beijing',0,'12352',10126,1),(101260608,'çŸ³é˜¡','beijing',0,'12352',10126,1),(101260609,'æ²¿æ²³','beijing',0,'12352',10126,1),(101260610,'å¾·æ±Ÿ','beijing',0,'12352',10126,1),(101260611,'æ¾æ¡ƒ','beijing',0,'12352',10126,1),(101260701,'æ¯•èŠ‚','beijing',0,'12352',10126,1),(101260702,'èµ«ç« ','beijing',0,'12352',10126,1),(101260703,'é‡‘æ²™','beijing',0,'12352',10126,1),(101260704,'å¨å®','beijing',0,'12352',10126,1),(101260705,'å¤§æ–¹','beijing',0,'12352',10126,1),(101260706,'çº³é›','beijing',0,'12352',10126,1),(101260707,'ç»‡é‡‘','beijing',0,'12352',10126,1),(101260708,'é»”è¥¿','beijing',0,'12352',10126,1),(101260801,'æ°´åŸ','beijing',0,'12352',10126,1),(101260802,'å…­æ','beijing',0,'12352',10126,1),(101260804,'ç›˜å¿','beijing',0,'12352',10126,1),(101260901,'å…´ä¹‰','beijing',0,'12352',10126,1),(101260902,'æ™´éš†','beijing',0,'12352',10126,1),(101260903,'å…´ä»','beijing',0,'12352',10126,1),(101260904,'è´ä¸°','beijing',0,'12352',10126,1),(101260905,'æœ›è°Ÿ','beijing',0,'12352',10126,1),(101260907,'å®‰é¾™','beijing',0,'12352',10126,1),(101260908,'å†Œäº¨','beijing',0,'12352',10126,1),(101260909,'æ™®å®‰','beijing',0,'12352',10126,1),(101270101,'æˆéƒ½','beijing',0,'12352',10127,1),(101270102,'é¾™æ³‰é©¿','beijing',0,'12352',10127,1),(101270103,'æ–°éƒ½','beijing',0,'12352',10127,1),(101270104,'æ¸©æ±Ÿ','beijing',0,'12352',10127,1),(101270105,'é‡‘å ‚','beijing',0,'12352',10127,1),(101270106,'åŒæµ','beijing',0,'12352',10127,1),(101270107,'éƒ«å¿','beijing',0,'12352',10127,1),(101270108,'å¤§é‚‘','beijing',0,'12352',10127,1),(101270109,'è’²æ±Ÿ','beijing',0,'12352',10127,1),(101270110,'æ–°æ´¥','beijing',0,'12352',10127,1),(101270111,'éƒ½æ±Ÿå °','beijing',0,'12352',10127,1),(101270112,'å½­å·','beijing',0,'12352',10127,1),(101270113,'é‚›å´ƒ','beijing',0,'12352',10127,1),(101270114,'å´‡å·','beijing',0,'12352',10127,1),(101270201,'æ”€æèŠ±','beijing',0,'12352',10127,1),(101270202,'ä»å’Œ','beijing',0,'12352',10127,1),(101270203,'ç±³æ˜“','beijing',0,'12352',10127,1),(101270204,'ç›è¾¹','beijing',0,'12352',10127,1),(101270301,'è‡ªè´¡','beijing',0,'12352',10127,1),(101270302,'å¯Œé¡º','beijing',0,'12352',10127,1),(101270303,'è£å¿','beijing',0,'12352',10127,1),(101270401,'ç»µé˜³','beijing',0,'12352',10127,1),(101270402,'ä¸‰å°','beijing',0,'12352',10127,1),(101270403,'ç›äº­','beijing',0,'12352',10127,1),(101270404,'å®‰å¿','beijing',0,'12352',10127,1),(101270405,'æ¢“æ½¼','beijing',0,'12352',10127,1),(101270406,'åŒ—å·','beijing',0,'12352',10127,1),(101270407,'å¹³æ­¦','beijing',0,'12352',10127,1),(101270408,'æ±Ÿæ²¹','beijing',0,'12352',10127,1),(101270501,'å—å……','beijing',0,'12352',10127,1),(101270502,'å—éƒ¨','beijing',0,'12352',10127,1),(101270503,'è¥å±±','beijing',0,'12352',10127,1),(101270504,'è“¬å®‰','beijing',0,'12352',10127,1),(101270505,'ä»ªé™‡','beijing',0,'12352',10127,1),(101270506,'è¥¿å……','beijing',0,'12352',10127,1),(101270507,'é˜†ä¸­','beijing',0,'12352',10127,1),(101270601,'è¾¾å·','beijing',0,'12352',10127,1),(101270602,'å®£æ±‰','beijing',0,'12352',10127,1),(101270603,'å¼€æ±Ÿ','beijing',0,'12352',10127,1),(101270604,'å¤§ç«¹','beijing',0,'12352',10127,1),(101270605,'æ¸ å¿','beijing',0,'12352',10127,1),(101270606,'ä¸‡æº','beijing',0,'12352',10127,1),(101270607,'è¾¾å·','beijing',0,'12352',10127,1),(101270608,'è¾¾å¿','beijing',0,'12352',10127,1),(101270701,'é‚å®','beijing',0,'12352',10127,1),(101270702,'è“¬æºª','beijing',0,'12352',10127,1),(101270703,'å°„æ´ª','beijing',0,'12352',10127,1),(101270801,'å¹¿å®‰','beijing',0,'12352',10127,1),(101270802,'å²³æ± ','beijing',0,'12352',10127,1),(101270803,'æ­¦èƒœ','beijing',0,'12352',10127,1),(101270804,'é‚»æ°´','beijing',0,'12352',10127,1),(101270805,'åè“¥','beijing',0,'12352',10127,1),(101270901,'å·´ä¸­','beijing',0,'12352',10127,1),(101270902,'é€šæ±Ÿ','beijing',0,'12352',10127,1),(101270903,'å—æ±Ÿ','beijing',0,'12352',10127,1),(101270904,'å¹³æ˜Œ','beijing',0,'12352',10127,1),(101271001,'æ³¸å·','beijing',0,'12352',10127,1),(101271003,'æ³¸å¿','beijing',0,'12352',10127,1),(101271004,'åˆæ±Ÿ','beijing',0,'12352',10127,1),(101271005,'å™æ°¸','beijing',0,'12352',10127,1),(101271006,'å¤è”º','beijing',0,'12352',10127,1),(101271007,'çº³æºª','beijing',0,'12352',10127,1),(101271101,'å®œå®¾','beijing',0,'12352',10127,1),(101271103,'å®œå®¾å¿','beijing',0,'12352',10127,1),(101271104,'å—æºª','beijing',0,'12352',10127,1),(101271105,'æ±Ÿå®‰','beijing',0,'12352',10127,1),(101271106,'é•¿å®','beijing',0,'12352',10127,1),(101271107,'é«˜å¿','beijing',0,'12352',10127,1),(101271108,'ç™å¿','beijing',0,'12352',10127,1),(101271109,'ç­ è¿','beijing',0,'12352',10127,1),(101271110,'å…´æ–‡','beijing',0,'12352',10127,1),(101271111,'å±å±±','beijing',0,'12352',10127,1),(101271201,'å†…æ±Ÿ','beijing',0,'12352',10127,1),(101271202,'ä¸œå…´','beijing',0,'12352',10127,1),(101271203,'å¨è¿œ','beijing',0,'12352',10127,1),(101271204,'èµ„ä¸­','beijing',0,'12352',10127,1),(101271205,'éš†æ˜Œ','beijing',0,'12352',10127,1),(101271301,'èµ„é˜³','beijing',0,'12352',10127,1),(101271302,'å®‰å²³','beijing',0,'12352',10127,1),(101271303,'ä¹è‡³','beijing',0,'12352',10127,1),(101271304,'ç®€é˜³','beijing',0,'12352',10127,1),(101271401,'ä¹å±±','beijing',0,'12352',10127,1),(101271402,'çŠä¸º','beijing',0,'12352',10127,1),(101271403,'äº•ç ”','beijing',0,'12352',10127,1),(101271404,'å¤¹æ±Ÿ','beijing',0,'12352',10127,1),(101271405,'æ²å·','beijing',0,'12352',10127,1),(101271406,'å³¨è¾¹','beijing',0,'12352',10127,1),(101271407,'é©¬è¾¹','beijing',0,'12352',10127,1),(101271408,'å³¨çœ‰','beijing',0,'12352',10127,1),(101271409,'å³¨çœ‰å±±','beijing',0,'12352',10127,1),(101271501,'çœ‰å±±','beijing',0,'12352',10127,1),(101271502,'ä»å¯¿','beijing',0,'12352',10127,1),(101271503,'å½­å±±','beijing',0,'12352',10127,1),(101271504,'æ´ªé›…','beijing',0,'12352',10127,1),(101271505,'ä¸¹æ£±','beijing',0,'12352',10127,1),(101271506,'é’ç¥','beijing',0,'12352',10127,1),(101271601,'å‡‰å±±','beijing',0,'12352',10127,1),(101271603,'æœ¨é‡Œ','beijing',0,'12352',10127,1),(101271604,'ç›æº','beijing',0,'12352',10127,1),(101271605,'å¾·æ˜Œ','beijing',0,'12352',10127,1),(101271606,'ä¼šç†','beijing',0,'12352',10127,1),(101271607,'ä¼šä¸œ','beijing',0,'12352',10127,1),(101271608,'å®å—','beijing',0,'12352',10127,1),(101271609,'æ™®æ ¼','beijing',0,'12352',10127,1),(101271610,'è¥¿æ˜Œ','beijing',0,'12352',10127,1),(101271611,'é‡‘é˜³','beijing',0,'12352',10127,1),(101271612,'æ˜­è§‰','beijing',0,'12352',10127,1),(101271613,'å–œå¾·','beijing',0,'12352',10127,1),(101271614,'å†•å®','beijing',0,'12352',10127,1),(101271615,'è¶Šè¥¿','beijing',0,'12352',10127,1),(101271616,'ç”˜æ´›','beijing',0,'12352',10127,1),(101271617,'é›·æ³¢','beijing',0,'12352',10127,1),(101271618,'ç¾å§‘','beijing',0,'12352',10127,1),(101271619,'å¸ƒæ‹–','beijing',0,'12352',10127,1),(101271701,'é›…å®‰','beijing',0,'12352',10127,1),(101271702,'åå±±','beijing',0,'12352',10127,1),(101271703,'è¥ç»','beijing',0,'12352',10127,1),(101271704,'æ±‰æº','beijing',0,'12352',10127,1),(101271705,'çŸ³æ£‰','beijing',0,'12352',10127,1),(101271706,'å¤©å…¨','beijing',0,'12352',10127,1),(101271707,'èŠ¦å±±','beijing',0,'12352',10127,1),(101271708,'å®å…´','beijing',0,'12352',10127,1),(101271801,'ç”˜å­œ','beijing',0,'12352',10127,1),(101271802,'åº·å®š','beijing',0,'12352',10127,1),(101271803,'æ³¸å®š','beijing',0,'12352',10127,1),(101271804,'ä¸¹å·´','beijing',0,'12352',10127,1),(101271805,'ä¹é¾™','beijing',0,'12352',10127,1),(101271806,'é›…æ±Ÿ','beijing',0,'12352',10127,1),(101271807,'é“å­š','beijing',0,'12352',10127,1),(101271808,'ç‚‰éœ','beijing',0,'12352',10127,1),(101271809,'æ–°é¾™','beijing',0,'12352',10127,1),(101271810,'å¾·æ ¼','beijing',0,'12352',10127,1),(101271811,'ç™½ç‰','beijing',0,'12352',10127,1),(101271812,'çŸ³æ¸ ','beijing',0,'12352',10127,1),(101271813,'è‰²è¾¾','beijing',0,'12352',10127,1),(101271814,'ç†å¡˜','beijing',0,'12352',10127,1),(101271815,'å·´å¡˜','beijing',0,'12352',10127,1),(101271816,'ä¹¡åŸ','beijing',0,'12352',10127,1),(101271817,'ç¨»åŸ','beijing',0,'12352',10127,1),(101271818,'å¾—è£','beijing',0,'12352',10127,1),(101271901,'é˜¿å','beijing',0,'12352',10127,1),(101271902,'æ±¶å·','beijing',0,'12352',10127,1),(101271903,'ç†å¿','beijing',0,'12352',10127,1),(101271904,'èŒ‚å¿','beijing',0,'12352',10127,1),(101271905,'æ¾æ½˜','beijing',0,'12352',10127,1),(101271906,'ä¹å¯¨æ²Ÿ','beijing',0,'12352',10127,1),(101271907,'é‡‘å·','beijing',0,'12352',10127,1),(101271908,'å°é‡‘','beijing',0,'12352',10127,1),(101271909,'é»‘æ°´','beijing',0,'12352',10127,1),(101271910,'é©¬å°”åº·','beijing',0,'12352',10127,1),(101271911,'å£¤å¡˜','beijing',0,'12352',10127,1),(101271912,'è‹¥å°”ç›–','beijing',0,'12352',10127,1),(101271913,'çº¢åŸ','beijing',0,'12352',10127,1),(101272001,'å¾·é˜³','beijing',0,'12352',10127,1),(101272002,'ä¸­æ±Ÿ','beijing',0,'12352',10127,1),(101272003,'å¹¿æ±‰','beijing',0,'12352',10127,1),(101272004,'ä»€é‚¡','beijing',0,'12352',10127,1),(101272005,'ç»µç«¹','beijing',0,'12352',10127,1),(101272006,'ç½—æ±Ÿ','beijing',0,'12352',10127,1),(101272101,'å¹¿å…ƒ','beijing',0,'12352',10127,1),(101272102,'æ—ºè‹','beijing',0,'12352',10127,1),(101272103,'é’å·','beijing',0,'12352',10127,1),(101272104,'å‰‘é˜','beijing',0,'12352',10127,1),(101272105,'è‹æºª','beijing',0,'12352',10127,1),(101280101,'å¹¿å·','beijing',0,'12352',10128,1),(101280102,'ç•ªç¦º','beijing',0,'12352',10128,1),(101280103,'ä»åŒ–','beijing',0,'12352',10128,1),(101280104,'å¢åŸ','beijing',0,'12352',10128,1),(101280105,'èŠ±éƒ½','beijing',0,'12352',10128,1),(101280201,'éŸ¶å…³','beijing',0,'12352',10128,1),(101280202,'ä¹³æº','beijing',0,'12352',10128,1),(101280203,'å§‹å…´','beijing',0,'12352',10128,1),(101280204,'ç¿æº','beijing',0,'12352',10128,1),(101280205,'ä¹æ˜Œ','beijing',0,'12352',10128,1),(101280206,'ä»åŒ–','beijing',0,'12352',10128,1),(101280207,'å—é›„','beijing',0,'12352',10128,1),(101280208,'æ–°ä¸°','beijing',0,'12352',10128,1),(101280209,'æ›²æ±Ÿ','beijing',0,'12352',10128,1),(101280210,'æµˆæ±Ÿ','beijing',0,'12352',10128,1),(101280211,'æ­¦æ±Ÿ','beijing',0,'12352',10128,1),(101280301,'æƒ å·','beijing',0,'12352',10128,1),(101280302,'åšç½—','beijing',0,'12352',10128,1),(101280303,'æƒ é˜³','beijing',0,'12352',10128,1),(101280304,'æƒ ä¸œ','beijing',0,'12352',10128,1),(101280305,'é¾™é—¨','beijing',0,'12352',10128,1),(101280401,'æ¢…å·','beijing',0,'12352',10128,1),(101280402,'å…´å®','beijing',0,'12352',10128,1),(101280403,'è•‰å²­','beijing',0,'12352',10128,1),(101280404,'å¤§åŸ”','beijing',0,'12352',10128,1),(101280406,'ä¸°é¡º','beijing',0,'12352',10128,1),(101280407,'å¹³è¿œ','beijing',0,'12352',10128,1),(101280408,'äº”å','beijing',0,'12352',10128,1),(101280409,'æ¢…å¿','beijing',0,'12352',10128,1),(101280501,'æ±•å¤´','beijing',0,'12352',10128,1),(101280502,'æ½®é˜³','beijing',0,'12352',10128,1),(101280503,'æ¾„æµ·','beijing',0,'12352',10128,1),(101280504,'å—æ¾³','beijing',0,'12352',10128,1),(101280601,'æ·±åœ³','beijing',0,'12352',10128,1),(101280701,'ç æµ·','beijing',0,'12352',10128,1),(101280702,'æ–—é—¨','beijing',0,'12352',10128,1),(101280703,'é‡‘æ¹¾','beijing',0,'12352',10128,1),(101280800,'ä½›å±±','beijing',0,'12352',10128,1),(101280801,'é¡ºå¾·','beijing',0,'12352',10128,1),(101280802,'ä¸‰æ°´','beijing',0,'12352',10128,1),(101280803,'å—æµ·','beijing',0,'12352',10128,1),(101280804,'é«˜æ˜','beijing',0,'12352',10128,1),(101280901,'è‚‡åº†','beijing',0,'12352',10128,1),(101280902,'å¹¿å®','beijing',0,'12352',10128,1),(101280903,'å››ä¼š','beijing',0,'12352',10128,1),(101280905,'å¾·åº†','beijing',0,'12352',10128,1),(101280906,'æ€€é›†','beijing',0,'12352',10128,1),(101280907,'å°å¼€','beijing',0,'12352',10128,1),(101280908,'é«˜è¦','beijing',0,'12352',10128,1),(101281001,'æ¹›æ±Ÿ','beijing',0,'12352',10128,1),(101281002,'å´å·','beijing',0,'12352',10128,1),(101281003,'é›·å·','beijing',0,'12352',10128,1),(101281004,'å¾é—»','beijing',0,'12352',10128,1),(101281005,'å»‰æ±Ÿ','beijing',0,'12352',10128,1),(101281006,'èµ¤å','beijing',0,'12352',10128,1),(101281007,'é‚æºª','beijing',0,'12352',10128,1),(101281008,'å¡å¤´','beijing',0,'12352',10128,1),(101281009,'éœå±±','beijing',0,'12352',10128,1),(101281010,'éº»ç« ','beijing',0,'12352',10128,1),(101281101,'æ±Ÿé—¨','beijing',0,'12352',10128,1),(101281103,'å¼€å¹³','beijing',0,'12352',10128,1),(101281104,'æ–°ä¼š','beijing',0,'12352',10128,1),(101281105,'æ©å¹³','beijing',0,'12352',10128,1),(101281106,'å°å±±','beijing',0,'12352',10128,1),(101281107,'è“¬æ±Ÿ','beijing',0,'12352',10128,1),(101281108,'é¹¤å±±','beijing',0,'12352',10128,1),(101281109,'æ±Ÿæµ·','beijing',0,'12352',10128,1),(101281201,'æ²³æº','beijing',0,'12352',10128,1),(101281202,'ç´«é‡‘','beijing',0,'12352',10128,1),(101281203,'è¿å¹³','beijing',0,'12352',10128,1),(101281204,'å’Œå¹³','beijing',0,'12352',10128,1),(101281205,'é¾™å·','beijing',0,'12352',10128,1),(101281206,'ä¸œæº','beijing',0,'12352',10128,1),(101281301,'æ¸…è¿œ','beijing',0,'12352',10128,1),(101281302,'è¿å—','beijing',0,'12352',10128,1),(101281303,'è¿å·','beijing',0,'12352',10128,1),(101281304,'è¿å±±','beijing',0,'12352',10128,1),(101281305,'é˜³å±±','beijing',0,'12352',10128,1),(101281306,'ä½›å†ˆ','beijing',0,'12352',10128,1),(101281307,'è‹±å¾·','beijing',0,'12352',10128,1),(101281308,'æ¸…æ–°','beijing',0,'12352',10128,1),(101281401,'äº‘æµ®','beijing',0,'12352',10128,1),(101281402,'ç½—å®š','beijing',0,'12352',10128,1),(101281403,'æ–°å…´','beijing',0,'12352',10128,1),(101281404,'éƒå—','beijing',0,'12352',10128,1),(101281406,'äº‘å®‰','beijing',0,'12352',10128,1),(101281501,'æ½®å·','beijing',0,'12352',10128,1),(101281502,'é¥¶å¹³','beijing',0,'12352',10128,1),(101281503,'æ½®å®‰','beijing',0,'12352',10128,1),(101281601,'ä¸œè','beijing',0,'12352',10128,1),(101281701,'ä¸­å±±','beijing',0,'12352',10128,1),(101281801,'é˜³æ±Ÿ','beijing',0,'12352',10128,1),(101281802,'é˜³æ˜¥','beijing',0,'12352',10128,1),(101281803,'é˜³ä¸œ','beijing',0,'12352',10128,1),(101281804,'é˜³è¥¿','beijing',0,'12352',10128,1),(101281901,'æ­é˜³','beijing',0,'12352',10128,1),(101281902,'æ­è¥¿','beijing',0,'12352',10128,1),(101281903,'æ™®å®','beijing',0,'12352',10128,1),(101281904,'æƒ æ¥','beijing',0,'12352',10128,1),(101281905,'æ­ä¸œ','beijing',0,'12352',10128,1),(101282001,'èŒ‚å','beijing',0,'12352',10128,1),(101282002,'é«˜å·','beijing',0,'12352',10128,1),(101282003,'åŒ–å·','beijing',0,'12352',10128,1),(101282004,'ç”µç™½','beijing',0,'12352',10128,1),(101282005,'ä¿¡å®œ','beijing',0,'12352',10128,1),(101282006,'èŒ‚æ¸¯','beijing',0,'12352',10128,1),(101282101,'æ±•å°¾','beijing',0,'12352',10128,1),(101282102,'æµ·ä¸°','beijing',0,'12352',10128,1),(101282103,'é™†ä¸°','beijing',0,'12352',10128,1),(101282104,'é™†æ²³','beijing',0,'12352',10128,1),(101290101,'æ˜†æ˜','beijing',0,'12352',10129,1),(101290103,'ä¸œå·','beijing',0,'12352',10129,1),(101290104,'å¯»ç”¸','beijing',0,'12352',10129,1),(101290105,'æ™‹å®','beijing',0,'12352',10129,1),(101290106,'å®œè‰¯','beijing',0,'12352',10129,1),(101290107,'çŸ³æ—','beijing',0,'12352',10129,1),(101290108,'å‘ˆè´¡','beijing',0,'12352',10129,1),(101290109,'å¯Œæ°‘','beijing',0,'12352',10129,1),(101290110,'åµ©æ˜','beijing',0,'12352',10129,1),(101290111,'ç¦„åŠ','beijing',0,'12352',10129,1),(101290112,'å®‰å®','beijing',0,'12352',10129,1),(101290113,'å¤ªåå±±','beijing',0,'12352',10129,1),(101290201,'å¤§ç†','beijing',0,'12352',10129,1),(101290202,'äº‘é¾™','beijing',0,'12352',10129,1),(101290203,'æ¼¾æ¿','beijing',0,'12352',10129,1),(101290204,'æ°¸å¹³','beijing',0,'12352',10129,1),(101290205,'å®¾å·','beijing',0,'12352',10129,1),(101290206,'å¼¥æ¸¡','beijing',0,'12352',10129,1),(101290207,'ç¥¥äº‘','beijing',0,'12352',10129,1),(101290208,'å·å±±','beijing',0,'12352',10129,1),(101290209,'å‰‘å·','beijing',0,'12352',10129,1),(101290210,'æ´±æº','beijing',0,'12352',10129,1),(101290211,'é¹¤åº†','beijing',0,'12352',10129,1),(101290212,'å—æ¶§','beijing',0,'12352',10129,1),(101290301,'çº¢æ²³','beijing',0,'12352',10129,1),(101290302,'çŸ³å±','beijing',0,'12352',10129,1),(101290303,'å»ºæ°´','beijing',0,'12352',10129,1),(101290304,'å¼¥å‹’','beijing',0,'12352',10129,1),(101290305,'å…ƒé˜³','beijing',0,'12352',10129,1),(101290306,'ç»¿æ˜¥','beijing',0,'12352',10129,1),(101290307,'å¼€è¿œ','beijing',0,'12352',10129,1),(101290308,'ä¸ªæ—§','beijing',0,'12352',10129,1),(101290309,'è’™è‡ª','beijing',0,'12352',10129,1),(101290310,'å±è¾¹','beijing',0,'12352',10129,1),(101290311,'æ³¸è¥¿','beijing',0,'12352',10129,1),(101290312,'é‡‘å¹³','beijing',0,'12352',10129,1),(101290313,'æ²³å£','beijing',0,'12352',10129,1),(101290401,'æ›²é–','beijing',0,'12352',10129,1),(101290402,'æ²¾ç›Š','beijing',0,'12352',10129,1),(101290403,'é™†è‰¯','beijing',0,'12352',10129,1),(101290404,'å¯Œæº','beijing',0,'12352',10129,1),(101290405,'é©¬é¾™','beijing',0,'12352',10129,1),(101290406,'å¸ˆå®—','beijing',0,'12352',10129,1),(101290407,'ç½—å¹³','beijing',0,'12352',10129,1),(101290408,'ä¼šæ³½','beijing',0,'12352',10129,1),(101290409,'å®£å¨','beijing',0,'12352',10129,1),(101290501,'ä¿å±±','beijing',0,'12352',10129,1),(101290503,'é¾™é™µ','beijing',0,'12352',10129,1),(101290504,'æ–½ç”¸','beijing',0,'12352',10129,1),(101290505,'æ˜Œå®','beijing',0,'12352',10129,1),(101290506,'è…¾å†²','beijing',0,'12352',10129,1),(101290601,'æ–‡å±±','beijing',0,'12352',10129,1),(101290602,'è¥¿ç•´','beijing',0,'12352',10129,1),(101290603,'é©¬å…³','beijing',0,'12352',10129,1),(101290604,'éº»æ —å¡','beijing',0,'12352',10129,1),(101290605,'ç šå±±','beijing',0,'12352',10129,1),(101290606,'ä¸˜åŒ—','beijing',0,'12352',10129,1),(101290607,'å¹¿å—','beijing',0,'12352',10129,1),(101290608,'å¯Œå®','beijing',0,'12352',10129,1),(101290701,'ç‰æºª','beijing',0,'12352',10129,1),(101290702,'æ¾„æ±Ÿ','beijing',0,'12352',10129,1),(101290703,'æ±Ÿå·','beijing',0,'12352',10129,1),(101290704,'é€šæµ·','beijing',0,'12352',10129,1),(101290705,'åå®','beijing',0,'12352',10129,1),(101290706,'æ–°å¹³','beijing',0,'12352',10129,1),(101290707,'æ˜“é—¨','beijing',0,'12352',10129,1),(101290708,'å³¨å±±','beijing',0,'12352',10129,1),(101290709,'å…ƒæ±Ÿ','beijing',0,'12352',10129,1),(101290801,'æ¥šé›„','beijing',0,'12352',10129,1),(101290802,'å¤§å§š','beijing',0,'12352',10129,1),(101290803,'å…ƒè°‹','beijing',0,'12352',10129,1),(101290804,'å§šå®‰','beijing',0,'12352',10129,1),(101290805,'ç‰Ÿå®š','beijing',0,'12352',10129,1),(101290806,'å—å','beijing',0,'12352',10129,1),(101290807,'æ­¦å®š','beijing',0,'12352',10129,1),(101290808,'ç¦„ä¸°','beijing',0,'12352',10129,1),(101290809,'åŒæŸ','beijing',0,'12352',10129,1),(101290810,'æ°¸ä»','beijing',0,'12352',10129,1),(101290901,'æ™®æ´±','beijing',0,'12352',10129,1),(101290902,'æ™¯è°·','beijing',0,'12352',10129,1),(101290903,'æ™¯ä¸œ','beijing',0,'12352',10129,1),(101290904,'æ¾œæ²§','beijing',0,'12352',10129,1),(101290906,'å¢¨æ±Ÿ','beijing',0,'12352',10129,1),(101290907,'æ±ŸåŸ','beijing',0,'12352',10129,1),(101290908,'å­Ÿè¿','beijing',0,'12352',10129,1),(101290909,'è¥¿ç›Ÿ','beijing',0,'12352',10129,1),(101290911,'é•‡æ²…','beijing',0,'12352',10129,1),(101290912,'å®æ´±','beijing',0,'12352',10129,1),(101291001,'æ˜­é€š','beijing',0,'12352',10129,1),(101291002,'é²ç”¸','beijing',0,'12352',10129,1),(101291003,'å½è‰¯','beijing',0,'12352',10129,1),(101291004,'é•‡é›„','beijing',0,'12352',10129,1),(101291005,'å¨ä¿¡','beijing',0,'12352',10129,1),(101291006,'å·§å®¶','beijing',0,'12352',10129,1),(101291007,'ç»¥æ±Ÿ','beijing',0,'12352',10129,1),(101291008,'æ°¸å–„','beijing',0,'12352',10129,1),(101291009,'ç›æ´¥','beijing',0,'12352',10129,1),(101291010,'å¤§å…³','beijing',0,'12352',10129,1),(101291011,'æ°´å¯Œ','beijing',0,'12352',10129,1),(101291101,'ä¸´æ²§','beijing',0,'12352',10129,1),(101291102,'æ²§æº','beijing',0,'12352',10129,1),(101291103,'è€¿é©¬','beijing',0,'12352',10129,1),(101291104,'åŒæ±Ÿ','beijing',0,'12352',10129,1),(101291105,'å‡¤åº†','beijing',0,'12352',10129,1),(101291106,'æ°¸å¾·','beijing',0,'12352',10129,1),(101291107,'äº‘å¿','beijing',0,'12352',10129,1),(101291108,'é•‡åº·','beijing',0,'12352',10129,1),(101291201,'æ€’æ±Ÿ','beijing',0,'12352',10129,1),(101291203,'ç¦è´¡','beijing',0,'12352',10129,1),(101291204,'å…°åª','beijing',0,'12352',10129,1),(101291205,'æ³¸æ°´','beijing',0,'12352',10129,1),(101291206,'å…­åº“','beijing',0,'12352',10129,1),(101291207,'è´¡å±±','beijing',0,'12352',10129,1),(101291301,'é¦™æ ¼é‡Œæ‹‰','beijing',0,'12352',10129,1),(101291302,'å¾·é’¦','beijing',0,'12352',10129,1),(101291303,'ç»´è¥¿','beijing',0,'12352',10129,1),(101291304,'ä¸­ç”¸','beijing',0,'12352',10129,1),(101291401,'ä¸½æ±Ÿ','beijing',0,'12352',10129,1),(101291402,'æ°¸èƒœ','beijing',0,'12352',10129,1),(101291403,'ååª','beijing',0,'12352',10129,1),(101291404,'å®è’—','beijing',0,'12352',10129,1),(101291501,'å¾·å®','beijing',0,'12352',10129,1),(101291503,'é™‡å·','beijing',0,'12352',10129,1),(101291504,'ç›ˆæ±Ÿ','beijing',0,'12352',10129,1),(101291506,'ç‘ä¸½','beijing',0,'12352',10129,1),(101291507,'æ¢æ²³','beijing',0,'12352',10129,1),(101291508,'æ½è¥¿','beijing',0,'12352',10129,1),(101291601,'æ™¯æ´ª','beijing',0,'12352',10129,1),(101291603,'å‹æµ·','beijing',0,'12352',10129,1),(101291605,'å‹è…Š','beijing',0,'12352',10129,1),(101300101,'å—å®','beijing',0,'12352',10130,1),(101300103,'é‚•å®','beijing',0,'12352',10130,1),(101300104,'æ¨ªå¿','beijing',0,'12352',10130,1),(101300105,'éš†å®‰','beijing',0,'12352',10130,1),(101300106,'é©¬å±±','beijing',0,'12352',10130,1),(101300107,'ä¸Šæ—','beijing',0,'12352',10130,1),(101300108,'æ­¦é¸£','beijing',0,'12352',10130,1),(101300109,'å®¾é˜³','beijing',0,'12352',10130,1),(101300201,'å´‡å·¦','beijing',0,'12352',10130,1),(101300202,'å¤©ç­‰','beijing',0,'12352',10130,1),(101300203,'é¾™å·','beijing',0,'12352',10130,1),(101300204,'å‡­ç¥¥','beijing',0,'12352',10130,1),(101300205,'å¤§æ–°','beijing',0,'12352',10130,1),(101300206,'æ‰¶ç»¥','beijing',0,'12352',10130,1),(101300207,'å®æ˜','beijing',0,'12352',10130,1),(101300301,'æŸ³å·','beijing',0,'12352',10130,1),(101300302,'æŸ³åŸ','beijing',0,'12352',10130,1),(101300304,'é¹¿å¯¨','beijing',0,'12352',10130,1),(101300305,'æŸ³æ±Ÿ','beijing',0,'12352',10130,1),(101300306,'èå®‰','beijing',0,'12352',10130,1),(101300307,'èæ°´','beijing',0,'12352',10130,1),(101300308,'ä¸‰æ±Ÿ','beijing',0,'12352',10130,1),(101300401,'æ¥å®¾','beijing',0,'12352',10130,1),(101300402,'å¿»åŸ','beijing',0,'12352',10130,1),(101300403,'é‡‘ç§€','beijing',0,'12352',10130,1),(101300404,'è±¡å·','beijing',0,'12352',10130,1),(101300405,'æ­¦å®£','beijing',0,'12352',10130,1),(101300406,'åˆå±±','beijing',0,'12352',10130,1),(101300501,'æ¡‚æ—','beijing',0,'12352',10130,1),(101300503,'é¾™èƒœ','beijing',0,'12352',10130,1),(101300504,'æ°¸ç¦','beijing',0,'12352',10130,1),(101300505,'ä¸´æ¡‚','beijing',0,'12352',10130,1),(101300506,'å…´å®‰','beijing',0,'12352',10130,1),(101300507,'çµå·','beijing',0,'12352',10130,1),(101300508,'å…¨å·','beijing',0,'12352',10130,1),(101300509,'çŒé˜³','beijing',0,'12352',10130,1),(101300510,'é˜³æœ”','beijing',0,'12352',10130,1),(101300511,'æ­åŸ','beijing',0,'12352',10130,1),(101300512,'å¹³ä¹','beijing',0,'12352',10130,1),(101300513,'è”æµ¦','beijing',0,'12352',10130,1),(101300514,'èµ„æº','beijing',0,'12352',10130,1),(101300601,'æ¢§å·','beijing',0,'12352',10130,1),(101300602,'è—¤å¿','beijing',0,'12352',10130,1),(101300604,'è‹æ¢§','beijing',0,'12352',10130,1),(101300605,'è’™å±±','beijing',0,'12352',10130,1),(101300606,'å²‘æºª','beijing',0,'12352',10130,1),(101300701,'è´ºå·','beijing',0,'12352',10130,1),(101300702,'æ˜­å¹³','beijing',0,'12352',10130,1),(101300703,'å¯Œå·','beijing',0,'12352',10130,1),(101300704,'é’Ÿå±±','beijing',0,'12352',10130,1),(101300801,'è´µæ¸¯','beijing',0,'12352',10130,1),(101300802,'æ¡‚å¹³','beijing',0,'12352',10130,1),(101300803,'å¹³å—','beijing',0,'12352',10130,1),(101300901,'ç‰æ—','beijing',0,'12352',10130,1),(101300902,'åšç™½','beijing',0,'12352',10130,1),(101300903,'åŒ—æµ','beijing',0,'12352',10130,1),(101300904,'å®¹å¿','beijing',0,'12352',10130,1),(101300905,'é™†å·','beijing',0,'12352',10130,1),(101300906,'å…´ä¸š','beijing',0,'12352',10130,1),(101301001,'ç™¾è‰²','beijing',0,'12352',10130,1),(101301002,'é‚£å¡','beijing',0,'12352',10130,1),(101301003,'ç”°é˜³','beijing',0,'12352',10130,1),(101301004,'å¾·ä¿','beijing',0,'12352',10130,1),(101301005,'é–è¥¿','beijing',0,'12352',10130,1),(101301006,'ç”°ä¸œ','beijing',0,'12352',10130,1),(101301007,'å¹³æœ','beijing',0,'12352',10130,1),(101301008,'éš†æ—','beijing',0,'12352',10130,1),(101301009,'è¥¿æ—','beijing',0,'12352',10130,1),(101301010,'ä¹ä¸š','beijing',0,'12352',10130,1),(101301011,'å‡Œäº‘','beijing',0,'12352',10130,1),(101301012,'ç”°æ—','beijing',0,'12352',10130,1),(101301101,'é’¦å·','beijing',0,'12352',10130,1),(101301102,'æµ¦åŒ—','beijing',0,'12352',10130,1),(101301103,'çµå±±','beijing',0,'12352',10130,1),(101301201,'æ²³æ± ','beijing',0,'12352',10130,1),(101301202,'å¤©å³¨','beijing',0,'12352',10130,1),(101301203,'ä¸œå…°','beijing',0,'12352',10130,1),(101301204,'å·´é©¬','beijing',0,'12352',10130,1),(101301205,'ç¯æ±Ÿ','beijing',0,'12352',10130,1),(101301206,'ç½—åŸ','beijing',0,'12352',10130,1),(101301207,'å®œå·','beijing',0,'12352',10130,1),(101301208,'å‡¤å±±','beijing',0,'12352',10130,1),(101301209,'å—ä¸¹','beijing',0,'12352',10130,1),(101301210,'éƒ½å®‰','beijing',0,'12352',10130,1),(101301211,'å¤§åŒ–','beijing',0,'12352',10130,1),(101301301,'åŒ—æµ·','beijing',0,'12352',10130,1),(101301302,'åˆæµ¦','beijing',0,'12352',10130,1),(101301303,'æ¶ æ´²å²›','beijing',0,'12352',10130,1),(101301401,'é˜²åŸæ¸¯','beijing',0,'12352',10130,1),(101301402,'ä¸Šæ€','beijing',0,'12352',10130,1),(101301403,'ä¸œå…´','beijing',0,'12352',10130,1),(101301405,'é˜²åŸ','beijing',0,'12352',10130,1),(101310101,'æµ·å£','beijing',0,'12352',10131,1),(101310201,'ä¸‰äºš','beijing',0,'12352',10131,1),(101310202,'ä¸œæ–¹','beijing',0,'12352',10131,1),(101310203,'ä¸´é«˜','beijing',0,'12352',10131,1),(101310204,'æ¾„è¿ˆ','beijing',0,'12352',10131,1),(101310205,'å„‹å·','beijing',0,'12352',10131,1),(101310206,'æ˜Œæ±Ÿ','beijing',0,'12352',10131,1),(101310207,'ç™½æ²™','beijing',0,'12352',10131,1),(101310208,'ç¼ä¸­','beijing',0,'12352',10131,1),(101310209,'å®šå®‰','beijing',0,'12352',10131,1),(101310210,'å±¯æ˜Œ','beijing',0,'12352',10131,1),(101310211,'ç¼æµ·','beijing',0,'12352',10131,1),(101310212,'æ–‡æ˜Œ','beijing',0,'12352',10131,1),(101310214,'ä¿äº­','beijing',0,'12352',10131,1),(101310215,'ä¸‡å®','beijing',0,'12352',10131,1),(101310216,'é™µæ°´','beijing',0,'12352',10131,1),(101310217,'è¥¿æ²™','beijing',0,'12352',10131,1),(101310220,'å—æ²™å²›','beijing',0,'12352',10131,1),(101310221,'ä¹ä¸œ','beijing',0,'12352',10131,1),(101310222,'äº”æŒ‡å±±','beijing',0,'12352',10131,1),(101320101,'é¦™æ¸¯','beijing',0,'12352',10132,1),(101320102,'ä¹é¾™','beijing',0,'12352',10132,1),(101320103,'æ–°ç•Œ','beijing',0,'12352',10132,1),(101330101,'æ¾³é—¨','beijing',0,'12352',10133,1),(101330102,'æ°¹ä»”å²›','beijing',0,'12352',10133,1),(101330103,'è·¯ç¯å²›','beijing',0,'12352',10133,1),(101340101,'å°åŒ—','beijing',0,'12352',10134,1),(101340102,'æ¡ƒå›­','beijing',0,'12352',10134,1),(101340103,'æ–°ç«¹','beijing',0,'12352',10134,1),(101340104,'å®œå…°','beijing',0,'12352',10134,1),(101340201,'é«˜é›„','beijing',0,'12352',10134,1),(101340202,'å˜‰ä¹‰','beijing',0,'12352',10134,1),(101340203,'å°å—','beijing',0,'12352',10134,1),(101340204,'å°ä¸œ','beijing',0,'12352',10134,1),(101340205,'å±ä¸œ','beijing',0,'12352',10134,1),(101340401,'å°ä¸­','beijing',0,'12352',10134,1),(101340402,'è‹—æ —','beijing',0,'12352',10134,1),(101340403,'å½°åŒ–','beijing',0,'12352',10134,1),(101340404,'å—æŠ•','beijing',0,'12352',10134,1),(101340405,'èŠ±è²','beijing',0,'12352',10134,1),(101340406,'äº‘æ—','beijing',0,'12352',10134,1);

/*Table structure for table `sys_department` */

DROP TABLE IF EXISTS `sys_department`;

CREATE TABLE `sys_department` (
  `id` bigint(20) NOT NULL COMMENT 'ä¸»é”®id',
  `name` varchar(255) default NULL COMMENT 'éƒ¨é—¨åç§°',
  `desc` varchar(2550) default NULL COMMENT 'éƒ¨é—¨æè¿°',
  `parentId` bigint(20) default NULL COMMENT 'çˆ¶èŠ‚ç‚¹id',
  `level` int(11) default NULL COMMENT 'éƒ¨é—¨çº§åˆ«',
  `leaf` tinyint(4) default NULL COMMENT 'æ˜¯å¦æ˜¯å¶èŠ‚ç‚¹ï¼ˆæ— ä¸‹çº§ï¼‰',
  `createTime` datetime default NULL COMMENT 'åˆ›å»ºæ—¶é—´',
  PRIMARY KEY  (`id`)
) ENGINE=InnoDB DEFAULT CHARSET=utf8 COMMENT='éƒ¨é—¨ç®¡ç†è¡¨';

/*Data for the table `sys_department` */

/*Table structure for table `sys_dictionary` */

DROP TABLE IF EXISTS `sys_dictionary`;

CREATE TABLE `sys_dictionary` (
  `id` bigint(20) NOT NULL,
  `groupName` varchar(100) default NULL COMMENT 'å­—å…¸ç»„åç§°',
  `groupDisplayName` varchar(100) default NULL COMMENT 'ç»„åˆ«æ˜¾ç¤ºåç§°',
  `dictKey` varchar(100) default NULL COMMENT 'å…¸å­—key',
  `dictValue` varchar(100) default NULL COMMENT 'å…¸å­—value',
  `dictDisplayName` varchar(100) default NULL COMMENT 'å­—å…¸å€¼æ˜¾ç¤ºåç§°',
  `orderNo` int(11) default NULL COMMENT 'å­˜å‚¨ç”¨äºæ’åºçš„æ•°å­—ï¼Œå€¼è¶Šå¤§è¶Šå¾€åæ’',
  `comment` varbinary(500) default NULL COMMENT 'å¤‡æ³¨',
  PRIMARY KEY  (`id`)
) ENGINE=InnoDB DEFAULT CHARSET=utf8 COMMENT='å­—å…¸è¡¨';

/*Data for the table `sys_dictionary` */

/*Table structure for table `sys_dictionary_provinceitem` */

DROP TABLE IF EXISTS `sys_dictionary_provinceitem`;

CREATE TABLE `sys_dictionary_provinceitem` (
  `id` bigint(20) NOT NULL auto_increment COMMENT 'è®°å½•æ ‡è¯†',
  `provinceId` int(11) default NULL COMMENT 'çœid',
  `itemId` int(11) default NULL COMMENT 'çœçº§ç‰ˆæœåŠ¡æ ‡è¯†',
  `itemName` varchar(90) default NULL COMMENT 'çœçº§ç‰ˆæœåŠ¡åç§°',
  `displayName` varchar(90) default NULL COMMENT 'çœçº§ç‰ˆæœåŠ¡æ˜¾ç¤ºåç§°',
  PRIMARY KEY  (`id`),
  KEY `provinceId_idx` (`provinceId`)
) ENGINE=InnoDB DEFAULT CHARSET=utf8;

/*Data for the table `sys_dictionary_provinceitem` */

/*Table structure for table `sys_element` */

DROP TABLE IF EXISTS `sys_element`;

CREATE TABLE `sys_element` (
  `id` bigint(20) NOT NULL auto_increment COMMENT 'é¡µé¢å…ƒç´ id',
  `name` varchar(255) default NULL COMMENT 'æƒé™åç§°',
  `location` varchar(255) default NULL COMMENT 'é¡µé¢å…ƒç´ æ‰€åœ¨ä½ç½®',
  `comment` varchar(255) default NULL COMMENT 'å¤‡æ³¨',
  PRIMARY KEY  (`id`)
) ENGINE=InnoDB DEFAULT CHARSET=utf8 COMMENT='å…ƒç´ è¡¨ï¼ˆå®šä¹‰å°†ç”¨äºæ§åˆ¶çš„é¡µé¢å…ƒç´ ï¼‰';

/*Data for the table `sys_element` */

/*Table structure for table `sys_group` */

DROP TABLE IF EXISTS `sys_group`;

CREATE TABLE `sys_group` (
  `id` int(11) NOT NULL auto_increment COMMENT 'ID',
  `groupName` varchar(50) default NULL COMMENT 'åç§°',
  `groupDisplayName` varchar(100) default NULL COMMENT 'æ˜¾ç¤ºåç§°',
  `groupDesc` varchar(200) default NULL COMMENT 'æè¿°',
  `remark` varchar(200) default NULL COMMENT 'å¤‡æ³¨',
  `createTime` datetime default NULL COMMENT 'åˆ›å»ºæ—¶é—´',
  PRIMARY KEY  (`id`)
) ENGINE=InnoDB DEFAULT CHARSET=utf8;

/*Data for the table `sys_group` */

/*Table structure for table `sys_module` */

DROP TABLE IF EXISTS `sys_module`;

CREATE TABLE `sys_module` (
  `id` bigint(20) NOT NULL,
  `name` varchar(100) default NULL COMMENT 'æ¨¡å—åç§°',
  `url` varchar(500) default NULL COMMENT 'èœå•å¯¹åº”çš„å…¥å£url',
  `icon` varchar(500) default NULL COMMENT 'å›¾æ ‡åœ°å€',
  `visible` tinyint(4) default NULL COMMENT 'æ˜¯å¦å¯è§',
  `orderNo` int(11) default NULL COMMENT 'æ˜¾ç¤ºä¼˜å…ˆçº§',
  `parentId` bigint(20) default NULL COMMENT 'çˆ¶æ¨¡å—id',
  `level` int(11) default NULL COMMENT 'èŠ‚ç‚¹çº§åˆ«',
  `isLeaf` tinyint(1) default NULL COMMENT '0éå¶èŠ‚ç‚¹ï¼›1å¶èŠ‚ç‚¹',
  `createTime` datetime default NULL COMMENT 'æ¨¡å—åˆ›å»ºæ—¶é—´',
  `updateTime` datetime default NULL COMMENT 'æ¨¡å—æ›´æ–°æ—¶é—´',
  PRIMARY KEY  (`id`)
) ENGINE=InnoDB DEFAULT CHARSET=utf8 COMMENT='æ¨¡å—ï¼ˆèœå•ï¼‰';

/*Data for the table `sys_module` */

insert  into `sys_module`(`id`,`name`,`url`,`icon`,`visible`,`orderNo`,`parentId`,`level`,`isLeaf`,`createTime`,`updateTime`) values (1000000,'ç³»ç»Ÿç®¡ç†',NULL,'icon-user',1,1,0,0,0,'2013-01-17 00:00:00','2013-01-17 00:00:00'),(1001000,'ç³»ç»Ÿç®¡ç†',NULL,NULL,1,1,1000000,1,0,'2013-01-17 00:00:00','2013-01-17 00:00:00'),(1001001,'çœä»½ç®¡ç†','sm/sysprovince/index.do','res/system-manage/image/menu/sysprovince.png',1,1,1001000,2,1,'2013-01-17 00:00:00','2013-01-17 00:00:00'),(1001002,'åŸå¸‚ç®¡ç†','sm/syscity/index.do','res/system-manage/image/menu/syscity.png',1,2,1001000,2,1,'2013-01-17 00:00:00','2013-01-17 00:00:00'),(1001003,'æƒé™ç®¡ç†','sm/security/index.do','res/system-manage/image/menu/user.png',1,3,1001000,2,1,'2013-01-17 00:00:00','2013-01-17 00:00:00'),(1001004,'å­—å…¸ç®¡ç†','sm/sysdictionary/index.do','res/system-manage/image/menu/syscity.png',1,4,1001000,2,1,'2013-01-17 00:00:00','2013-01-17 00:00:00'),(1100000,'è¿è¥ä¸­å¿ƒ',NULL,'icon-user',1,2,0,0,0,'2013-01-17 00:00:00','2013-01-17 00:00:00'),(1101000,'ç»Ÿè®¡æ¦‚è¿°',NULL,NULL,1,1,1100000,1,0,'2013-01-17 00:00:00','2013-01-17 00:00:00'),(1101001,'ç”¨æˆ·ç»Ÿè®¡','bi/userstatistics/index.do','res/system-manage/image/menu/user.png',1,1,1101000,2,1,'2013-01-17 00:00:00','2013-01-17 00:00:00'),(1101002,'å…ƒæ•°æ®åˆ†æ','bi/statmetadataversiondis/index.do','res/system-manage/image/menu/user.png',1,1,1101000,2,1,'2013-01-17 00:00:00','2013-01-17 00:00:00'),(1101003,'å®¢æˆ·ç«¯ç‰ˆæœ¬åˆ†å¸ƒ','bi/softwareversiondis/index.do','res/system-manage/image/menu/user.png',1,1,1101000,2,1,'2013-01-17 00:00:00','2013-01-17 00:00:00'),(1102000,'ç”¨æˆ·åˆ†æ',NULL,NULL,1,2,1100000,1,1,'2013-01-17 00:00:00','2013-01-17 00:00:00'),(1102001,'ä½¿ç”¨æ—¶é•¿','bi/useravgtime/index.do','res/system-manage/image/menu/user.png',1,1,1102000,2,1,'2013-01-17 00:00:00','2013-01-17 00:00:00'),(1103000,'å®¢æˆ·ç«¯å…ƒæ•°æ®ç®¡ç†',NULL,NULL,1,3,1100000,1,0,'2013-01-17 00:00:00','2013-01-17 00:00:00'),(1103001,'å›½å®¶å…ƒæ•°æ®ç®¡ç†','metadata/nation/index.do','res/system-manage/image/menu/user.png',1,1,1103000,2,1,'2013-01-17 00:00:00','2013-01-17 00:00:00'),(1103002,'çœçº§å…ƒæ•°æ®ç®¡ç†','metadata/province/index.do','res/system-manage/image/menu/user.png',1,2,1103000,2,1,'2013-01-17 00:00:00','2013-01-17 00:00:00'),(1103003,'çœçº§å…ƒæ•°æ®å®¡æ‰¹','metadata/approval/index.do','res/system-manage/image/menu/user.png',1,3,1103000,2,1,'2013-01-17 00:00:00','2013-01-17 00:00:00'),(1103004,'çœçº§å…ƒæ•°æ®æŸ¥çœ‹','metadata/published/index.do','res/system-manage/image/menu/user.png',1,4,1103000,2,1,'2013-01-17 00:00:00','2013-01-17 00:00:00'),(1200000,'ç”¨æˆ·ä¸­å¿ƒ',NULL,'icon-user',1,3,0,0,0,'2013-01-17 00:00:00','2013-01-17 00:00:00'),(1300000,'ä¿¡æ¯ä¸­å¿ƒ',NULL,'icon-user',1,4,0,0,0,'2013-01-17 00:00:00','2013-01-17 00:00:00');

/*Table structure for table `sys_province` */

DROP TABLE IF EXISTS `sys_province`;

CREATE TABLE `sys_province` (
  `id` bigint(20) NOT NULL COMMENT 'å­˜å‚¨åŸæ•°æ®å¹³å°çš„åŸå¸‚IDï¼ˆæ ¼å¼ï¼š101010100ï¼‰',
  `name` varchar(50) default NULL COMMENT 'çœä»½åç§°',
  `spelling` varchar(50) default NULL COMMENT 'çœä»½åç§°çš„å…¨æ‹¼',
  `orderNo` int(11) default NULL COMMENT 'å­˜å‚¨ç”¨äºæ’åºçš„æ•°å­—ï¼Œå€¼è¶Šå¤§è¶Šå¾€åæ’',
  `mapAreaId` varchar(20) default NULL COMMENT 'ç»Ÿè®¡ä¸­åœ°å›¾æ§ä»¶ç”¨',
  `hasMetaData` tinyint(4) default NULL COMMENT 'æ˜¯å¦æœ‰metadata',
  PRIMARY KEY  (`id`)
) ENGINE=InnoDB DEFAULT CHARSET=utf8 COMMENT='çœä»½ç®¡ç†è¡¨';

/*Data for the table `sys_province` */

insert  into `sys_province`(`id`,`name`,`spelling`,`orderNo`,`mapAreaId`,`hasMetaData`) values (10101,'åŒ—äº¬','BJS',3,'mc5',1),(10102,'ä¸Šæµ·','SHS',24,'mc18',1),(10103,'å¤©æ´¥','TJS',28,'mc6',1),(10104,'é‡åº†','ZQS',4,'mc25',1),(10105,'é»‘é¾™æ±Ÿ','HLJ',12,'mc0',1),(10106,'å‰æ—','JL',18,'mc1',1),(10107,'è¾½å®','LN',19,'mc2',1),(10108,'å†…è’™å¤','NMGZZQ',20,'mc3',1),(10109,'æ²³åŒ—','HB1',11,'mc4',1),(10110,'å±±è¥¿','SX2',26,'mc9',1),(10111,'é™•è¥¿','SX1',25,'mc12',1),(10112,'å±±ä¸œ','SD',23,'mc7',1),(10113,'æ–°ç–†','XJWWE',31,'mc19',1),(10114,'è¥¿è—','XZZZQ',32,'mc20',1),(10115,'é’æµ·','QH',22,'mc15',1),(10116,'ç”˜è‚ƒ','GS',6,'mc14',1),(10117,'å®å¤','NXHZZZQ',21,'mc13',1),(10118,'æ²³å—','HN1',13,'mc8',1),(10119,'æ±Ÿè‹','JS',16,'mc10',1),(10120,'æ¹–åŒ—','HB2',14,'mc26',1),(10121,'æµ™æ±Ÿ','ZJ',34,'mc32',1),(10122,'å®‰å¾½','AH',1,'mc11',1),(10123,'ç¦å»º','FJ',5,'mc29',1),(10124,'æ±Ÿè¥¿','JX',17,'mc28',1),(10125,'æ¹–å—','HN3',15,'mc27',1),(10126,'è´µå·','GZ',9,'mc23',1),(10127,'å››å·','SC',27,'mc21',1),(10128,'å¹¿ä¸œ','GD',7,'mc30',1),(10129,'äº‘å—','YN',33,'mc22',1),(10130,'å¹¿è¥¿','GXZZZZQ',8,'mc24',1),(10131,'æµ·å—','HN2',10,'mc33',1),(10132,'é¦™æ¸¯','XGTBXZQ',30,'mc34',1),(10133,'æ¾³é—¨','AMTBXZQ',2,'mc35',1),(10134,'å°æ¹¾','TW',29,'mc31',1);

/*Table structure for table `sys_role` */

DROP TABLE IF EXISTS `sys_role`;

CREATE TABLE `sys_role` (
  `id` bigint(20) NOT NULL auto_increment,
  `name` varchar(255) default NULL COMMENT 'è§’è‰²åç§°',
  `moduleId` char(10) default NULL COMMENT 'æ‰€å±æ¨¡å—idï¼ˆsys_moduleä¸­level=0çš„moduleï¼‰',
  `comment` char(10) default NULL COMMENT 'å¤‡æ³¨',
  PRIMARY KEY  (`id`)
) ENGINE=InnoDB DEFAULT CHARSET=utf8 COMMENT='è§’è‰²';

/*Data for the table `sys_role` */

/*Table structure for table `sys_role_authority` */

DROP TABLE IF EXISTS `sys_role_authority`;

CREATE TABLE `sys_role_authority` (
  `id` bigint(20) NOT NULL auto_increment COMMENT 'ä¸»é”®',
  `roleId` bigint(20) default NULL COMMENT 'è§’è‰²id',
  `authorityId` bigint(20) default NULL COMMENT 'æƒé™id',
  `comment` bigint(20) default NULL COMMENT 'å¤‡æ³¨',
  PRIMARY KEY  (`id`),
  KEY `FK_sys_role_authority_roleId` (`roleId`)
) ENGINE=InnoDB DEFAULT CHARSET=utf8 COMMENT='è§’è‰²ä¸æƒé™çš„å…³ç³»è¡¨';

/*Data for the table `sys_role_authority` */

/*Table structure for table `sys_url` */

DROP TABLE IF EXISTS `sys_url`;

CREATE TABLE `sys_url` (
  `id` bigint(20) NOT NULL auto_increment COMMENT 'ä¸»é”®id',
  `url` varchar(500) default NULL COMMENT 'urlèµ„æºè®¿é—®åœ°å€',
  `comment` longtext COMMENT 'å¤‡æ³¨',
  PRIMARY KEY  (`id`)
) ENGINE=InnoDB DEFAULT CHARSET=utf8 CHECKSUM=1 DELAY_KEY_WRITE=1 ROW_FORMAT=DYNAMIC COMMENT='å¯ä»¥è®¿é—®çš„urlï¼ˆç”¨äºåå°urlè®¿é—®æƒé™ç®¡ç†ï¼‰';

/*Data for the table `sys_url` */

/*Table structure for table `sys_user` */

DROP TABLE IF EXISTS `sys_user`;

CREATE TABLE `sys_user` (
  `id` bigint(20) NOT NULL auto_increment COMMENT 'ç”¨æˆ·id',
  `username` varchar(50) default NULL COMMENT 'ç”¨æˆ·å',
  `displayName` varchar(100) default NULL COMMENT 'ç”¨æˆ·æ˜µç§°',
  `password` varchar(50) default NULL COMMENT 'å¯†ç ',
  `contactPhone` varchar(20) default NULL,
  `cellphone` varchar(20) default NULL,
  `email` varchar(20) default NULL,
  `departmentId` bigint(20) default NULL,
  `provinceId` bigint(20) default NULL,
  `remark` varchar(200) default NULL,
  `createTime` date default NULL COMMENT 'åˆ›å»ºæ—¶é—´',
  `pwdExpireTime` date default NULL COMMENT 'å¯†ç æœ‰æ•ˆæœŸ',
  `activeStatus` tinyint(4) default NULL,
  PRIMARY KEY  (`id`)
) ENGINE=InnoDB DEFAULT CHARSET=utf8 COMMENT='ç³»ç»Ÿç”¨æˆ·è¡¨';

/*Data for the table `sys_user` */

insert  into `sys_user`(`id`,`username`,`displayName`,`password`,`contactPhone`,`cellphone`,`email`,`departmentId`,`provinceId`,`remark`,`createTime`,`pwdExpireTime`,`activeStatus`) values (1,'tom','ä¸Šæµ·ç®¡ç†å‘˜','9b34d71a9667b147e03c0d2d35d0909b','0311-3712299','13025507927','weather@163.com',2,10102,'comment aa','2013-01-22',NULL,1),(2,'user2','åŒ—äº¬ç®¡ç†å‘˜','aab92e69374e4c7b8c6741fe02e574b9','0311-3712298','13025507926','weather@126.com',1,10101,'comment kk','2013-01-22',NULL,0),(3,'admin','è¶…çº§ç®¡ç†å‘˜','aab92e69374e4c7b8c6741fe02e574b9','0311-3712298','13025507926','weather@126.com',NULL,NULL,NULL,NULL,NULL,1);

/*Table structure for table `sys_user_group` */

DROP TABLE IF EXISTS `sys_user_group`;

CREATE TABLE `sys_user_group` (
  `ID` int(11) NOT NULL auto_increment,
  `userId` int(11) default NULL,
  `groupId` int(11) default NULL,
  PRIMARY KEY  (`ID`),
  KEY `groupId_index` (`groupId`),
  KEY `userId_idx` (`userId`)
) ENGINE=InnoDB DEFAULT CHARSET=utf8;

/*Data for the table `sys_user_group` */

/*Table structure for table `sys_user_role` */

DROP TABLE IF EXISTS `sys_user_role`;

CREATE TABLE `sys_user_role` (
  `id` bigint(20) NOT NULL auto_increment,
  `userId` bigint(20) default NULL COMMENT 'ç”¨æˆ·id',
  `roleId` bigint(20) default NULL COMMENT 'è§’è‰²id',
  `rank` int(11) default NULL COMMENT ' æ˜¾ç¤ºä¼˜å…ˆçº§',
  PRIMARY KEY  (`id`),
  KEY `FK_sys_user_role_userId` (`roleId`),
  CONSTRAINT `FK_sys_user_role_roleId` FOREIGN KEY (`roleId`) REFERENCES `sys_role` (`id`),
  CONSTRAINT `FK_sys_user_role_userId` FOREIGN KEY (`roleId`) REFERENCES `sys_user` (`id`)
) ENGINE=InnoDB DEFAULT CHARSET=utf8;

/*Data for the table `sys_user_role` */

/*Table structure for table `sys_userinfo` */

DROP TABLE IF EXISTS `sys_userinfo`;

CREATE TABLE `sys_userinfo` (
  `id` int(11) NOT NULL auto_increment,
  `userId` int(11) default NULL,
  `contactPhone` varchar(20) default NULL,
  `cellphone` varchar(20) default NULL,
  `email` varchar(20) default NULL,
  `departmentId` int(11) default NULL,
  `officeId` int(11) default NULL,
  `provinceId` int(11) default NULL,
  `remark` varchar(200) default NULL,
  PRIMARY KEY  (`id`),
  KEY `FK_Reference_15` (`userId`),
  KEY `FK_Reference_7` (`departmentId`),
  KEY `FK_Reference_8` (`provinceId`)
) ENGINE=InnoDB DEFAULT CHARSET=utf8;

/*Data for the table `sys_userinfo` */

/*!40101 SET SQL_MODE=@OLD_SQL_MODE */;
/*!40014 SET FOREIGN_KEY_CHECKS=@OLD_FOREIGN_KEY_CHECKS */;
/*!40014 SET UNIQUE_CHECKS=@OLD_UNIQUE_CHECKS */;
/*!40111 SET SQL_NOTES=@OLD_SQL_NOTES */;
